{"0,0.5": 0.314125121268295, "0,1.0": 0.2576876621059251, "0,1.5": 0.21067469135197212, "0,2.0": 0.14258302010581073, "0,2.5": 0.12766767904721563, "0,3.0": 0.11843256536884322, "1,0.5": 0.2814045191194731, "1,1.0": 0.25731890610012725, "1,1.5": 0.19889824552566943, "1,2.0": 0.1265694468704315, "1,2.5": 0.10620359043305781, "1,3.0": 0.07426848531704167, "2,0.5": 0.29810401154890986, "2,1.0": 0.2990540080417487, "2,1.5": 0.2737864423118721, "2,2.0": 0.33708548325968757, "2,2.5": 0.3792656468887018, "2,3.0": 0.329535275513307, "3,0.5": 0.30960031434835267, "3,1.0": 0.31142671779590675, "3,1.5": 0.34857466242440543, "3,2.0": 0.33888596728317666, "3,2.5": 0.35621064990087553, "3,3.0": 0.35824807011624193, "4,0.5": 0.2891100828493178, "4,1.0": 0.3265811183665008, "4,1.5": 0.30929500854055086, "4,2.0": 0.31437854851918906, "4,2.5": 0.2579171427722984, "4,3.0": 0.2613667819389475, "5,0.5": 0.3156289294437166, "5,1.0": 0.29911385817941666, "5,1.5": 0.2953020445995254, "5,2.0": 0.2821349601040507, "5,2.5": 0.2856439115435685, "5,3.0": 0.25636418736049094, "6,0.5": 0.31506956222007765, "6,1.0": 0.34219305851191945, "6,1.5": 0.3372560766560882, "6,2.0": 0.29316336120516195, "6,2.5": 0.2959031668045072, "6,3.0": 0.26106781862873263, "7,0.5": 0.30317317082983086, "7,1.0": 0.29224332208201775, "7,1.5": 0.2833534709872499, "7,2.0": 0.2676102523573991, "7,2.5": 0.22613319097158152, "7,3.0": 0.23293948433204648, "8,0.5": 0.29373583997815067, "8,1.0": 0.309977446999301, "8,1.5": 0.282879997756427, "8,2.0": 0.3049788331527148, "8,2.5": 0.2851657097518149, "8,3.0": 0.2895461379153629, "9,0.5": 0.3015758550597971, "9,1.0": 0.27830663462351946, "9,1.5": 0.2889552799204751, "9,2.0": 0.2867700567982353, "9,2.5": 0.2837690841524189, "9,3.0": 0.2951487789472103, "10,0.5": 0.3008767396096791, "10,1.0": 0.29153469185574754, "10,1.5": 0.28207810973094133, "10,2.0": 0.2839884656227819, "10,2.5": 0.30130607971172846, "10,3.0": 0.29146325256910494, "11,0.5": 0.2939968057286334, "11,1.0": 0.2846085972414414, "11,1.5": 0.30045942248534385, "11,2.0": 0.2820510400666093, "11,2.5": 0.30653532287518526, "11,3.0": 0.3387222098156348}