{"0,0.5": -0.09150935860288215, "0,1.0": 0.04748351769297036, "0,1.5": 0.031429498777905074, "0,2.0": 0.0283693652034099, "0,2.5": -0.0034185442635561065, "0,3.0": -0.0564183340476439, "1,0.5": -0.12454314432031388, "1,1.0": -0.06105647004569448, "1,1.5": 0.07858810210006104, "1,2.0": -0.03257958654185841, "1,2.5": -0.032239997352405306, "1,3.0": -0.049439694184403596, "2,0.5": 0.12755270802648744, "2,1.0": 0.11210825780089442, "2,1.5": -0.008061085490448216, "2,2.0": 0.007399131863606237, "2,2.5": -0.011739490244049198, "2,3.0": -0.006997436805000201, "3,0.5": 0.06788771284605732, "3,1.0": 0.16732618512766106, "3,1.5": 0.16725873160204185, "3,2.0": 0.07027873912072302, "3,2.5": -0.030563935091574262, "3,3.0": -0.004255580262398478, "4,0.5": 0.01796170465410511, "4,1.0": -0.038600866061171156, "4,1.5": 0.14268611822648244, "4,2.0": 0.1357441739654738, "4,2.5": 0.09997289866195563, "4,3.0": 0.1015227886492864, "5,0.5": 0.015622461671614326, "5,1.0": 0.0708090248460114, "5,1.5": 0.08826487841224281, "5,2.0": 0.09481403846981332, "5,2.5": 0.08730347404772967, "5,3.0": 0.06753169646081601, "6,0.5": 0.158324342057746, "6,1.0": 0.05548120334647175, "6,1.5": 0.1590624928653586, "6,2.0": 0.13657808677620453, "6,2.5": 0.08207176937046007, "6,3.0": 0.10494902331958189, "7,0.5": 0.1253697599748342, "7,1.0": 0.07926724724221859, "7,1.5": 0.17369008535137653, "7,2.0": 0.19977673855037228, "7,2.5": 0.22450055051814072, "7,3.0": 0.26019547685231115, "8,0.5": 0.1874243436407584, "8,1.0": 0.1523159963347165, "8,1.5": 0.19095050478263872, "8,2.0": 0.16314026035900225, "8,2.5": 0.23275409911171685, "8,3.0": 0.17479903981044165, "9,0.5": 0.03667809688908069, "9,1.0": 0.030208528995486702, "9,1.5": 0.03185039894973646, "9,2.0": -0.009913356875655858, "9,2.5": 0.07188148000336728, "9,3.0": -0.0039767467674139655, "10,0.5": -0.00046738832508151466, "10,1.0": 0.018887896098167278, "10,1.5": -0.061727620033794145, "10,2.0": -0.04431461871794258, "10,2.5": 0.05998356642516485, "10,3.0": 0.010683185645210244, "11,0.5": -0.05200427833758606, "11,1.0": -0.03022148201943228, "11,1.5": 0.06947288827701942, "11,2.0": 0.12714021684224566, "11,2.5": 0.1059421309116103, "11,3.0": 0.02401067578448977}