{"0,8": 0.38336473347637284, "0,16": 0.312234378452283, "0,32": 0.13244486267989347, "0,64": 0.1384020180179139, "0,128": 0.09143219746165258, "1,8": 0.11219881991396592, "1,16": 0.08997016159282055, "1,32": 0.09398086579080459, "1,64": 0.10281859469676681, "1,128": 0.10414993501513689, "2,8": 0.2856645888757323, "2,16": 0.0701385434956353, "2,32": 0.09991351929160093, "2,64": 0.07230567802024639, "2,128": 0.1043572750264482, "3,8": 0.40931098847792835, "3,16": 0.11911674923056315, "3,32": 0.09363672115590456, "3,64": 0.10714900014179776, "3,128": 0.09615016819728707, "4,8": 0.5080346251277379, "4,16": 0.11463266641355212, "4,32": 0.1080501026880693, "4,64": 0.10922906547558392, "4,128": 0.10848170255158798, "5,8": 0.47016115253354407, "5,16": 0.3518700210446509, "5,32": 0.11103618664325982, "5,64": 0.11130806073480705, "5,128": 0.11228937371287312, "6,8": 0.43511668342016707, "6,16": 0.4987158179666192, "6,32": 0.1652626463006495, "6,64": 0.10117339062634535, "6,128": 0.10505086351041078, "7,8": 0.41005214492866454, "7,16": 0.40044953141872364, "7,32": 0.22577043602361727, "7,64": 0.1602388956170371, "7,128": 0.15144317749714142, "8,8": 0.37434094321979455, "8,16": 0.36611082489076047, "8,32": 0.2606585297170274, "8,64": 0.1897237756064944, "8,128": 0.15942914014065843, "9,8": 0.33374578102045327, "9,16": 0.31812793100735204, "9,32": 0.2042124401848909, "9,64": 0.1587792450241284, "9,128": 0.1585490905240753, "10,8": 0.3523803435513191, "10,16": 0.3255076100681704, "10,32": 0.22287413630447267, "10,64": 0.14195261149266866, "10,128": 0.15128693318689856, "11,8": 0.3635729945722925, "11,16": 0.3374611779564236, "11,32": 0.2214325055445368, "11,64": 0.16418962173051735, "11,128": 0.15432060918083904, "12,8": 0.36526022816640774, "12,16": 0.35407724721838774, "12,32": 0.2454098890758995, "12,64": 0.18265955651803012, "12,128": 0.1546974195164448, "13,8": 0.3559352265516865, "13,16": 0.3021132634694226, "13,32": 0.25094068089276617, "13,64": 0.2077080491343974, "13,128": 0.15510149255742844, "14,8": 0.350113245733187, "14,16": 0.26445975900131574, "14,32": 0.22095770631443376, "14,64": 0.19147925201267402, "14,128": 0.19539287165225375, "15,8": 0.38328860076620475, "15,16": 0.3135052574880478, "15,32": 0.22159277891582102, "15,64": 0.20821019097928917, "15,128": 0.21015425074237173, "16,8": 0.3668914767680294, "16,16": 0.3240233098312809, "16,32": 0.23137702423980983, "16,64": 0.2196070753870161, "16,128": 0.2042291258269217, "17,8": 0.38560669478493365, "17,16": 0.32381695108584946, "17,32": 0.28262409017670553, "17,64": 0.22604706989700724, "17,128": 0.19397702766549696, "18,8": 0.35615310783192555, "18,16": 0.3055737952635334, "18,32": 0.2525292517197803, "18,64": 0.20507958658341258, "18,128": 0.17171451407783228, "19,8": 0.35089853619833433, "19,16": 0.3264148181825489, "19,32": 0.295388708219758, "19,64": 0.23247100461934314, "19,128": 0.235312111839429, "20,8": 0.36364637352432955, "20,16": 0.3486651803250973, "20,32": 0.3060861282051481, "20,64": 0.24678168198410966, "20,128": 0.20586956121952044, "21,8": 0.3664374861853905, "21,16": 0.30327286255606317, "21,32": 0.28972177386498754, "21,64": 0.25016926579633664, "21,128": 0.18589687018844214, "22,8": 0.34913692067674895, "22,16": 0.34305183739195266, "22,32": 0.2456692768331572, "22,64": 0.21685782618640165, "22,128": 0.17196823762031316, "23,8": 0.3597923079576627, "23,16": 0.32241206451108156, "23,32": 0.2590401275839771, "23,64": 0.21256315984829055, "23,128": 0.14709913272474776}