{"0,0.5": 0.3121829089543505, "0,1.0": 0.18693577037833625, "0,1.5": 0.1528462310133562, "0,2.0": 0.15068518335589914, "0,2.5": 0.14686187437394038, "0,3.0": 0.1291698792327525, "1,0.5": 0.3203561297827897, "1,1.0": 0.302076022171789, "1,1.5": 0.13003680295802617, "1,2.0": 0.1229225306098087, "1,2.5": 0.11371253232694332, "1,3.0": 0.12429166400413323, "2,0.5": 0.3210120481850559, "2,1.0": 0.2779841252350986, "2,1.5": 0.1635287659149565, "2,2.0": 0.10957729367452844, "2,2.5": 0.13146314765357336, "2,3.0": 0.12198904643204535, "3,0.5": 0.3143814425546354, "3,1.0": 0.2905606507977343, "3,1.5": 0.2620846948307972, "3,2.0": 0.10777898903629216, "3,2.5": 0.10194245190377439, "3,3.0": 0.09256152882318515, "4,0.5": 0.33088013025562657, "4,1.0": 0.3094822786154905, "4,1.5": 0.2708178213371, "4,2.0": 0.1256455929191537, "4,2.5": 0.1413714902874211, "4,3.0": 0.12082469956933901, "5,0.5": 0.3024183037455219, "5,1.0": 0.29257860025458804, "5,1.5": 0.28392075527256044, "5,2.0": 0.19662040217522359, "5,2.5": 0.09017950699337346, "5,3.0": 0.08128273999608197, "6,0.5": 0.30100030041785075, "6,1.0": 0.31386317760974713, "6,1.5": 0.25433203729980347, "6,2.0": 0.1953489377708046, "6,2.5": 0.1341791799421696, "6,3.0": 0.11500901027265743, "7,0.5": 0.3130936725389222, "7,1.0": 0.2832548143620241, "7,1.5": 0.2528032387835958, "7,2.0": 0.17738670866643458, "7,2.5": 0.12225472645268981, "7,3.0": 0.12106837366014808, "8,0.5": 0.3082857834968513, "8,1.0": 0.2722989895387956, "8,1.5": 0.26762302849248365, "8,2.0": 0.21957368430008148, "8,2.5": 0.16644352089280318, "8,3.0": 0.14553376752343203, "9,0.5": 0.3047878212644589, "9,1.0": 0.29087716181663864, "9,1.5": 0.2716354051768892, "9,2.0": 0.21726404548654454, "9,2.5": 0.14892183847367277, "9,3.0": 0.14199758307825652, "10,0.5": 0.31487033151420135, "10,1.0": 0.3000001886302802, "10,1.5": 0.2561329378810905, "10,2.0": 0.20923671113355372, "10,2.5": 0.15646586908593543, "10,3.0": 0.1317355511965003, "11,0.5": 0.3001553806721266, "11,1.0": 0.2729959940532644, "11,1.5": 0.2648391702282284, "11,2.0": 0.2143368110074323, "11,2.5": 0.1730736193425014, "11,3.0": 0.13319105382876584, "12,0.5": 0.29420397021544, "12,1.0": 0.2589707308384362, "12,1.5": 0.2750867773783306, "12,2.0": 0.19870251219365928, "12,2.5": 0.12898311880848526, "12,3.0": 0.13781455373108156, "13,0.5": 0.3026661270773163, "13,1.0": 0.31777665311743836, "13,1.5": 0.2722762014902471, "13,2.0": 0.22589526108594649, "13,2.5": 0.18138880495299253, "13,3.0": 0.12776874193861884, "14,0.5": 0.2955173627392164, "14,1.0": 0.3018551737621647, "14,1.5": 0.29429376986575995, "14,2.0": 0.25914870732419987, "14,2.5": 0.19529633516525532, "14,3.0": 0.14094615765852989, "15,0.5": 0.3123997075039241, "15,1.0": 0.2885139172470718, "15,1.5": 0.28241459048771783, "15,2.0": 0.23766297922790758, "15,2.5": 0.20853617024656412, "15,3.0": 0.1710413965220192, "16,0.5": 0.30830491008847777, "16,1.0": 0.2907511164433707, "16,1.5": 0.2883998290020464, "16,2.0": 0.25008079147013706, "16,2.5": 0.24855565819572212, "16,3.0": 0.2141947782669536, "17,0.5": 0.298340338764292, "17,1.0": 0.2942348020301986, "17,1.5": 0.2769564693910731, "17,2.0": 0.27558187798890754, "17,2.5": 0.21443275616842403, "17,3.0": 0.21982590446626654, "18,0.5": 0.29632921898041115, "18,1.0": 0.2853928475454832, "18,1.5": 0.2790420050393221, "18,2.0": 0.25803107308690343, "18,2.5": 0.25881246652284123, "18,3.0": 0.2387161263773438, "19,0.5": 0.30549191448763574, "19,1.0": 0.3185462770004104, "19,1.5": 0.31109369766090567, "19,2.0": 0.2954307621454807, "19,2.5": 0.26225117998466874, "19,3.0": 0.2580782039461465, "20,0.5": 0.28386749297595165, "20,1.0": 0.2859004548145574, "20,1.5": 0.26192443343497473, "20,2.0": 0.2497407222476219, "20,2.5": 0.22817199639395497, "20,3.0": 0.22145355666292207, "21,0.5": 0.30476273436851914, "21,1.0": 0.26099387820514086, "21,1.5": 0.28979452608668255, "21,2.0": 0.2920250613732664, "21,2.5": 0.2605465036636985, "21,3.0": 0.25649485706308495, "22,0.5": 0.2973534276987394, "22,1.0": 0.29784509399763215, "22,1.5": 0.27853780829047836, "22,2.0": 0.302065063269744, "22,2.5": 0.2700717908169812, "22,3.0": 0.2731715629584211, "23,0.5": 0.30799065721424174, "23,1.0": 0.30799257959602555, "23,1.5": 0.28536732103547136, "23,2.0": 0.263120716119252, "23,2.5": 0.2741234163758158, "23,3.0": 0.24770316440380402, "24,0.5": 0.30877409054830696, "24,1.0": 0.3063910528171243, "24,1.5": 0.30385589551481257, "24,2.0": 0.29173194821131365, "24,2.5": 0.2527194239615927, "24,3.0": 0.23085477152272738, "25,0.5": 0.32509459564536913, "25,1.0": 0.32993008612431224, "25,1.5": 0.31267138009806755, "25,2.0": 0.30683376953346353, "25,2.5": 0.2875689492282171, "25,3.0": 0.29429556718059113, "26,0.5": 0.3054579212246271, "26,1.0": 0.32186034813857634, "26,1.5": 0.3142903347052587, "26,2.0": 0.3069737342628008, "26,2.5": 0.3043604738088724, "26,3.0": 0.29254838302643604, "27,0.5": 0.3136185624062788, "27,1.0": 0.3016296666756635, "27,1.5": 0.27928591790087587, "27,2.0": 0.2700615921753559, "27,2.5": 0.29483965030937664, "27,3.0": 0.26349913401071173, "28,0.5": 0.315889898046491, "28,1.0": 0.32033605598168635, "28,1.5": 0.2979918027148806, "28,2.0": 0.3154393444156203, "28,2.5": 0.29180267115559544, "28,3.0": 0.28656881714161264, "29,0.5": 0.3141963513883574, "29,1.0": 0.31164473920526253, "29,1.5": 0.3065537984937597, "29,2.0": 0.28495579972768437, "29,2.5": 0.28131595965961886, "29,3.0": 0.2683109315718769, "30,0.5": 0.3248770040767184, "30,1.0": 0.3149394308288208, "30,1.5": 0.3074062268287084, "30,2.0": 0.30872517085999135, "30,2.5": 0.29932217605387224, "30,3.0": 0.29528420640277114, "31,0.5": 0.3294333754304726, "31,1.0": 0.315036497078957, "31,1.5": 0.3106217781344689, "31,2.0": 0.3158021380674199, "31,2.5": 0.2877351608959923, "31,3.0": 0.30308842568060423, "32,0.5": 0.3153054962675246, "32,1.0": 0.3086255517645421, "32,1.5": 0.3008556208652764, "32,2.0": 0.3009906822350419, "32,2.5": 0.3003031663581317, "32,3.0": 0.30664453609478504, "33,0.5": 0.32763805152129616, "33,1.0": 0.2820596036272647, "33,1.5": 0.295079792262387, "33,2.0": 0.2923494016857611, "33,2.5": 0.27821114626010407, "33,3.0": 0.2668549468194649, "34,0.5": 0.3137767915418077, "34,1.0": 0.30910080875737084, "34,1.5": 0.29207624135757293, "34,2.0": 0.31778756134641534, "34,2.5": 0.30503548321086615, "34,3.0": 0.2978209223177615, "35,0.5": 0.30460048407176754, "35,1.0": 0.3073911231343632, "35,1.5": 0.3296282399139801, "35,2.0": 0.29116165405665223, "35,2.5": 0.28796828633470334, "35,3.0": 0.2895000981817972, "36,0.5": 0.3087122716339221, "36,1.0": 0.3061245035615333, "36,1.5": 0.30734015674086035, "36,2.0": 0.33142540255432923, "36,2.5": 0.3172151999592685, "36,3.0": 0.2871760867470925, "37,0.5": 0.2991881526572241, "37,1.0": 0.3114959367825198, "37,1.5": 0.2995020890844041, "37,2.0": 0.3253157093129857, "37,2.5": 0.3060152743422385, "37,3.0": 0.2914971796083221, "38,0.5": 0.31617511658972197, "38,1.0": 0.3044960162761599, "38,1.5": 0.2943597214954671, "38,2.0": 0.3226890884442005, "38,2.5": 0.31210560844015167, "38,3.0": 0.28612204407146163, "39,0.5": 0.3107777104414129, "39,1.0": 0.30494342512966, "39,1.5": 0.30389742958105326, "39,2.0": 0.30988627834959115, "39,2.5": 0.30018346601790413, "39,3.0": 0.3300770650594794, "40,0.5": 0.32260340579054436, "40,1.0": 0.3264863867880094, "40,1.5": 0.3093905303112099, "40,2.0": 0.3050713351776597, "40,2.5": 0.30721525797787436, "40,3.0": 0.30187379443638623, "41,0.5": 0.30657091677853104, "41,1.0": 0.31662565143522164, "41,1.5": 0.30080172529638144, "41,2.0": 0.30921437419789405, "41,2.5": 0.3157694129797544, "41,3.0": 0.308451224444575, "42,0.5": 0.298368561175106, "42,1.0": 0.33586149755564676, "42,1.5": 0.2989761773547201, "42,2.0": 0.30962943476243515, "42,2.5": 0.31800193902117246, "42,3.0": 0.3272797490419598, "43,0.5": 0.29932329631269106, "43,1.0": 0.3056730513549764, "43,1.5": 0.32158110039313453, "43,2.0": 0.31916564448410245, "43,2.5": 0.3163316039901496, "43,3.0": 0.30972139595549986,