{"0,8": 0.32948614506622076, "0,16": 0.2778885854658825, "0,32": 0.16560573133172057, "0,64": 0.13398083956395293, "0,128": 0.11324074634029141, "1,8": 0.11750139453481721, "1,16": 0.08647163017764702, "1,32": 0.1002799182490675, "1,64": 0.10988309318837236, "1,128": 0.11354174928443797, "2,8": 0.21055115424552817, "2,16": 0.0918359699592901, "2,32": 0.11162516274635365, "2,64": 0.0884993063427733, "2,128": 0.134071152444841, "3,8": 0.2946888611452347, "3,16": 0.11932018287819078, "3,32": 0.10243871900090448, "3,64": 0.12077491930480565, "3,128": 0.1253377301338697, "4,8": 0.3613432562841179, "4,16": 0.11780843347965231, "4,32": 0.12547468423454577, "4,64": 0.12447696078579289, "4,128": 0.12645331159550338, "5,8": 0.36924998905942397, "5,16": 0.26341672710976816, "5,32": 0.12276132429117181, "5,64": 0.12358338059300343, "5,128": 0.12633761946203526, "6,8": 0.35548479623479645, "6,16": 0.3762222177796237, "6,32": 0.15860102290809774, "6,64": 0.11238142972930648, "6,128": 0.11466226280051599, "7,8": 0.34688025187689014, "7,16": 0.32468269056452487, "7,32": 0.19402729748818093, "7,64": 0.15121435031488953, "7,128": 0.1310380805861443, "8,8": 0.343732865793907, "8,16": 0.3012762767908463, "8,32": 0.21542239490876675, "8,64": 0.1817764620173008, "8,128": 0.15927962962801756, "9,8": 0.3041198666264979, "9,16": 0.27229649520895105, "9,32": 0.17293484353622907, "9,64": 0.13845646974997117, "9,128": 0.15491306857290113, "10,8": 0.30057794331640336, "10,16": 0.28502191348118183, "10,32": 0.19289778714618563, "10,64": 0.14970989236432042, "10,128": 0.1422051800057566, "11,8": 0.3087811118256936, "11,16": 0.2750877138091561, "11,32": 0.1897141613612969, "11,64": 0.16999404558478912, "11,128": 0.15563744036715224, "12,8": 0.3060479518015816, "12,16": 0.2877897675068406, "12,32": 0.20422976278381924, "12,64": 0.16956137502756322, "12,128": 0.15685064031251614, "13,8": 0.2894291788923058, "13,16": 0.26954756247501127, "13,32": 0.2175246135803819, "13,64": 0.19323970605726473, "13,128": 0.16992696606973873, "14,8": 0.28007999495369573, "14,16": 0.23713745496694777, "14,32": 0.20031313741324197, "14,64": 0.17252254216326335, "14,128": 0.19017811574190377, "15,8": 0.3081181234715401, "15,16": 0.25661503558805904, "15,32": 0.20072976654616673, "15,64": 0.19535226590774296, "15,128": 0.1979624475709358, "16,8": 0.29814931964590413, "16,16": 0.27464133533177265, "16,32": 0.20368761094963694, "16,64": 0.19849823819191542, "16,128": 0.20481783772913753, "17,8": 0.3219749731287561, "17,16": 0.26455496384335975, "17,32": 0.23595249522632133, "17,64": 0.2109197997297387, "17,128": 0.1866327003728003, "18,8": 0.30285974448876596, "18,16": 0.25885685109102696, "18,32": 0.22647230050291883, "18,64": 0.1965582079831626, "18,128": 0.176264362588545, "19,8": 0.28525295754883745, "19,16": 0.27647187907102055, "19,32": 0.23178595177283945, "19,64": 0.22045059727231914, "19,128": 0.21852125451870827, "20,8": 0.3260752977284891, "20,16": 0.2906481669407034, "20,32": 0.2469548022090589, "20,64": 0.22287652526837487, "20,128": 0.19357464422162965, "21,8": 0.3108067777685879, "21,16": 0.27217570726687695, "21,32": 0.24274363625083806, "21,64": 0.21125657713501342, "21,128": 0.1803544250497108, "22,8": 0.2906303345125842, "22,16": 0.29965601192680463, "22,32": 0.22984306231321325, "22,64": 0.20348226365085978, "22,128": 0.1803172988763916, "23,8": 0.2954440585312412, "23,16": 0.279946312372617, "23,32": 0.22568151024508148, "23,64": 0.19088111645978056, "23,128": 0.15270013641882016}