{"0,0.5": 0.278942468615645, "0,1.0": 0.2460948083026808, "0,1.5": 0.19690444972286927, "0,2.0": 0.13669960900477082, "0,2.5": 0.13513253929345873, "0,3.0": 0.12427564056297674, "1,0.5": 0.2648709786009474, "1,1.0": 0.2271001459851157, "1,1.5": 0.17030213207098302, "1,2.0": 0.11415782657743884, "1,2.5": 0.0866357054380635, "1,3.0": 0.06931614643073641, "2,0.5": 0.27314497643981944, "2,1.0": 0.2762821914127602, "2,1.5": 0.23776311509380518, "2,2.0": 0.2680650295364259, "2,2.5": 0.30279453885007707, "2,3.0": 0.28574792491257095, "3,0.5": 0.28394859071060713, "3,1.0": 0.26352224845392175, "3,1.5": 0.2891361777954467, "3,2.0": 0.27102730659638774, "3,2.5": 0.27526624336957217, "3,3.0": 0.26593171811427907, "4,0.5": 0.2701749802834988, "4,1.0": 0.29426405668491923, "4,1.5": 0.26153642013883965, "4,2.0": 0.2682743370811449, "4,2.5": 0.24225622929755078, "4,3.0": 0.23526003495278758, "5,0.5": 0.257586623619144, "5,1.0": 0.2459444288182803, "5,1.5": 0.25701337998024226, "5,2.0": 0.24999575463274792, "5,2.5": 0.225949335713959, "5,3.0": 0.20922352341667863, "6,0.5": 0.27899491505694657, "6,1.0": 0.28306371867764035, "6,1.5": 0.2891710750268907, "6,2.0": 0.2518698573964515, "6,2.5": 0.25272192748466943, "6,3.0": 0.21455530287292254, "7,0.5": 0.2831249819244972, "7,1.0": 0.2893679138969698, "7,1.5": 0.2837026505798719, "7,2.0": 0.27691779938548805, "7,2.5": 0.22060244561945813, "7,3.0": 0.22225395114585222, "8,0.5": 0.25962321362324237, "8,1.0": 0.25953827900137827, "8,1.5": 0.24105286876726428, "8,2.0": 0.25385664899479765, "8,2.5": 0.23810015257865905, "8,3.0": 0.23383663722238784, "9,0.5": 0.2733064565059331, "9,1.0": 0.24189225121337307, "9,1.5": 0.2711370091501482, "9,2.0": 0.2912564902414914, "9,2.5": 0.268724137395633, "9,3.0": 0.28869637840825385, "10,0.5": 0.2714860893939287, "10,1.0": 0.2557160953085935, "10,1.5": 0.25601501235789326, "10,2.0": 0.25044117567944174, "10,2.5": 0.25222021029411007, "10,3.0": 0.2735860496039527, "11,0.5": 0.268166988146797, "11,1.0": 0.254075441395446, "11,1.5": 0.2580303705550642, "11,2.0": 0.25026164201481943, "11,2.5": 0.2634049024725918, "11,3.0": 0.299807587108004}