{"0,0.5": 0.2769324386365759, "0,1.0": 0.22356263663163536, "0,1.5": 0.13857798500594842, "0,2.0": 0.1194519608739548, "0,2.5": 0.10332264730763052, "0,3.0": 0.09191770188761632, "1,0.5": 0.2681061973713803, "1,1.0": 0.2574538975033777, "1,1.5": 0.14085577762575158, "1,2.0": 0.1512554506470127, "1,2.5": 0.11565094068981845, "1,3.0": 0.09442914776974257, "2,0.5": 0.2822485576160879, "2,1.0": 0.2404070349649998, "2,1.5": 0.1620870047902597, "2,2.0": 0.15013951720046853, "2,2.5": 0.11388119889245164, "2,3.0": 0.07921385216582859, "3,0.5": 0.2857563014528614, "3,1.0": 0.22428414698062982, "3,1.5": 0.1643869423210871, "3,2.0": 0.14382487654788673, "3,2.5": 0.12269970557151538, "3,3.0": 0.09081418067863431, "4,0.5": 0.2716016565407869, "4,1.0": 0.22628260627882593, "4,1.5": 0.19403681068427203, "4,2.0": 0.15588259980689678, "4,2.5": 0.1511852833314424, "4,3.0": 0.1195560474862735, "5,0.5": 0.24520703647071354, "5,1.0": 0.23585293999913878, "5,1.5": 0.21261553327196828, "5,2.0": 0.20000749448555202, "5,2.5": 0.1636327436652517, "5,3.0": 0.13393504951466054, "6,0.5": 0.2498422816372643, "6,1.0": 0.1940806245725475, "6,1.5": 0.1505223593950057, "6,2.0": 0.11948342494981039, "6,2.5": 0.10246924717403172, "6,3.0": 0.08598125837028733, "7,0.5": 0.23920922562442662, "7,1.0": 0.20895985962487773, "7,1.5": 0.16537025588142482, "7,2.0": 0.127873550245654, "7,2.5": 0.08676418952803014, "7,3.0": 0.09163071681359924, "8,0.5": 0.24307531082560122, "8,1.0": 0.1940230218199702, "8,1.5": 0.17670122170079156, "8,2.0": 0.14154584119898353, "8,2.5": 0.11896386572543988, "8,3.0": 0.10926060039752773, "9,0.5": 0.24875702005898775, "9,1.0": 0.2375534364635391, "9,1.5": 0.22866532317002758, "9,2.0": 0.21867225657487324, "9,2.5": 0.16649841454138145, "9,3.0": 0.1267405276759728, "10,0.5": 0.26261183051354176, "10,1.0": 0.24577195900814525, "10,1.5": 0.23095739806790958, "10,2.0": 0.19174984801574252, "10,2.5": 0.13951290156358245, "10,3.0": 0.10617027330566783, "11,0.5": 0.2762438456579128, "11,1.0": 0.2812458676754056, "11,1.5": 0.259712092652483, "11,2.0": 0.20400760649824315, "11,2.5": 0.20294957363846738, "11,3.0": 0.16963984518803896}