{"0,0.5": 0.1753007320695531, "0,1.0": 0.14979994755550352, "0,1.5": 0.16121529820488076, "0,2.0": 0.22322556540607008, "0,2.5": 0.1980274477790759, "0,3.0": 0.1574453266987911, "1,0.5": 0.13645611699896465, "1,1.0": 0.1692103044140213, "1,1.5": 0.14261264382275535, "1,2.0": 0.2132680472699476, "1,2.5": 0.1435348332475253, "1,3.0": 0.13028950349867338, "2,0.5": 0.1571953088309887, "2,1.0": 0.20887671269301814, "2,1.5": 0.13876780717891346, "2,2.0": 0.1529119004911929, "2,2.5": 0.18187720094398335, "2,3.0": 0.19677865132874406, "3,0.5": 0.16831492289847788, "3,1.0": 0.14902195814535701, "3,1.5": 0.13467109090312507, "3,2.0": 0.18894313525604747, "3,2.5": 0.17880362620840573, "3,3.0": 0.13830337048084285, "4,0.5": 0.18553945445831782, "4,1.0": 0.1543642091384475, "4,1.5": 0.1662613183645013, "4,2.0": 0.1809547159612847, "4,2.5": 0.1859630776719368, "4,3.0": 0.17042114879469597, "5,0.5": 0.18468675551710656, "5,1.0": 0.2028722967983804, "5,1.5": 0.1717179433453904, "5,2.0": 0.16276405860343474, "5,2.5": 0.1734139311386341, "5,3.0": 0.2542898673002305, "6,0.5": 0.18194909445316806, "6,1.0": 0.12443518355722066, "6,1.5": 0.1478877028394038, "6,2.0": 0.1473355383116841, "6,2.5": 0.17239069696594195, "6,3.0": 0.16286059290382704, "7,0.5": 0.1394174851430775, "7,1.0": 0.13888723769203637, "7,1.5": 0.15655593775491977, "7,2.0": 0.21270825885882116, "7,2.5": 0.12427958406090639, "7,3.0": 0.15377866778620047, "8,0.5": 0.1689607126207683, "8,1.0": 0.17423482293219267, "8,1.5": 0.18763924928570475, "8,2.0": 0.12845968839144156, "8,2.5": 0.21751364163109335, "8,3.0": 0.22273526421823403, "9,0.5": 0.15110059374823998, "9,1.0": 0.1893266414015808, "9,1.5": 0.13412076043565724, "9,2.0": 0.16737631446841117, "9,2.5": 0.11578775638395264, "9,3.0": 0.14762424287490622, "10,0.5": 0.12747498762473441, "10,1.0": 0.13613496054987595, "10,1.5": 0.2012995866682059, "10,2.0": 0.1707266846441523, "10,2.5": 0.13997891076046912, "10,3.0": 0.16225164714855167, "11,0.5": 0.2043792893849984, "11,1.0": 0.19090052762990858, "11,1.5": 0.14565973742804458, "11,2.0": 0.16684050044918772, "11,2.5": 0.1442132384187348, "11,3.0": 0.18383641977654286}