{"0,0.5": 0.17870886481829956, "0,1.0": 0.09841629958956216, "0,1.5": -0.05286925750712583, "0,2.0": -0.03084100410024275, "0,2.5": -0.016376365835049526, "0,3.0": -0.0033075101134895923, "1,0.5": -0.030395124401328036, "1,1.0": -0.010045955014508497, "1,1.5": 0.026832182675064813, "1,2.0": -0.09406576692409424, "1,2.5": -0.05167358018763778, "1,3.0": -0.04316324096511893, "2,0.5": 0.07756799535744553, "2,1.0": 0.01710786721698051, "2,1.5": 0.07966952883112657, "2,2.0": 0.028600678999448813, "2,2.5": 0.01957204824210435, "2,3.0": -0.011455848060135956, "3,0.5": 0.18367491956386575, "3,1.0": 0.2767250850152446, "3,1.5": 0.14684733518956544, "3,2.0": 0.02947345589467546, "3,2.5": -0.033163348656378155, "3,3.0": -0.007884993873982213, "4,0.5": 0.10140793902475159, "4,1.0": 0.10181042741218495, "4,1.5": 0.12489269821978614, "4,2.0": 0.12422867160077831, "4,2.5": 0.04752945183734384, "4,3.0": 0.03389614857679105, "5,0.5": 0.2507377286367447, "5,1.0": 0.19304070519733135, "5,1.5": 0.12806598643269052, "5,2.0": 0.10889422296405613, "5,2.5": 0.10864587207696175, "5,3.0": 0.12143862115921536, "6,0.5": 0.24441468363528368, "6,1.0": 0.19527536357284775, "6,1.5": 0.12842962186059514, "6,2.0": 0.15482498907407222, "6,2.5": 0.15696511979165206, "6,3.0": 0.14319113465462135, "7,0.5": 0.08488163153429978, "7,1.0": 0.2635346096658433, "7,1.5": 0.1396804356109031, "7,2.0": 0.17354242460059088, "7,2.5": 0.18487936491435192, "7,3.0": 0.1480691919886542, "8,0.5": 0.13865050994025496, "8,1.0": 0.18931172446440858, "8,1.5": 0.2542580058225017, "8,2.0": 0.15666351515061785, "8,2.5": 0.16288132130561261, "8,3.0": 0.15547116815118406, "9,0.5": -0.09820253963820219, "9,1.0": -0.07445589870387305, "9,1.5": -0.003290371214713611, "9,2.0": 0.016850309786207655, "9,2.5": 0.0022471951829086097, "9,3.0": 0.04509937028156019, "10,0.5": -0.01730668435554059, "10,1.0": -0.11650550262103603, "10,1.5": -0.019899342541486606, "10,2.0": -0.07462048252694185, "10,2.5": 0.009955262548703351, "10,3.0": 0.044461534974789024, "11,0.5": 0.03760776305914386, "11,1.0": 0.02008231903637172, "11,1.5": 0.10236579818696305, "11,2.0": 0.056315885735317345, "11,2.5": -0.013803871110748807, "11,3.0": -0.05179832018994256}