{"0,8": 0.9041963406033271, "0,16": 0.880100641391251, "0,32": 1.3732297532185709, "0,64": 1.014106589589047, "0,128": 1.5880514301244995, "1,8": 0.9996228042033528, "1,16": 1.1185442602059006, "1,32": 1.2447103583091343, "1,64": 1.480189012371917, "1,128": 1.4137871457525268, "2,8": 0.8807423579945436, "2,16": 1.3661739550812277, "2,32": 18.484531604351325, "2,64": 1.7651233271363753, "2,128": 1.4344534575713737, "3,8": 1.006833672101864, "3,16": 1.7862559126804902, "3,32": 2.458076117630976, "3,64": 1.1816242995784743, "3,128": 1.2273287904831123, "4,8": 0.9633813875137857, "4,16": 2.139586404568103, "4,32": 0.7349202381047919, "4,64": 1.335178649703546, "4,128": 1.245916803153984, "5,8": 0.9184733848380515, "5,16": 1.5970798248376195, "5,32": 1.5594728259265969, "5,64": 1.462873686193594, "5,128": 1.8319106876562588, "6,8": 0.8110045794222418, "6,16": 0.6514677020678872, "6,32": -27.776165405427914, "6,64": 1.4284026178794371, "6,128": 1.3817308417313905, "7,8": 0.9221838856945761, "7,16": 1.2317920615169653, "7,32": 1.1505266971577204, "7,64": 1.236647248377909, "7,128": 1.2486551530974803, "8,8": 0.8629846972424491, "8,16": 0.8392360471977878, "8,32": 1.208142969423213, "8,64": 1.3227475816468077, "8,128": -3.0328974665750073, "9,8": 0.8595796474846288, "9,16": 0.8862493400503894, "9,32": 1.138465111038804, "9,64": 0.8434119596831463, "9,128": 2.3709389377883774, "10,8": 0.8618796028399046, "10,16": 0.8548566814496151, "10,32": 1.0261376017799728, "10,64": 1.2638229316263698, "10,128": 1.876077722526099, "11,8": 0.9087334798666067, "11,16": 0.8875834059228209, "11,32": 1.0516210411560538, "11,64": 1.6241552118097498, "11,128": 1.3254703161539605, "12,8": 0.8429041755582385, "12,16": 0.9735655495205441, "12,32": 1.393817393623398, "12,64": 2.031961649902044, "12,128": -114.70277839215971, "13,8": 0.8653023746924181, "13,16": 0.8295732598275148, "13,32": 0.9855365995730051, "13,64": 1.3237476935944352, "13,128": 1.3919667514413447, "14,8": 0.7837585833311118, "14,16": 0.922002548109707, "14,32": 1.0995888014463369, "14,64": 4.737930123772072, "14,128": 0.6466658432830507, "15,8": 0.8647783794519593, "15,16": 0.8365649744040679, "15,32": 0.9360831710796974, "15,64": 1.0675716906907933, "15,128": 1.265723603695401, "16,8": 0.8454913675768925, "16,16": 0.8000088572978015, "16,32": 0.9964283050444832, "16,64": 1.2936165658606738, "16,128": 1.1553392713412174, "17,8": 0.8801151581223866, "17,16": 0.8954671669771478, "17,32": 0.9119259800582599, "17,64": 1.1521239053411536, "17,128": 1.0681021871618543, "18,8": 0.8254547252668806, "18,16": 0.7661239658742923, "18,32": 0.9220794521439595, "18,64": 0.9563113561718275, "18,128": 0.9866263881326023, "19,8": 0.8572683268978296, "19,16": 0.8367318553024421, "19,32": 0.9113369220024702, "19,64": 0.9701483123029269, "19,128": 0.9692358100850167, "20,8": 0.9481887847924012, "20,16": 0.8905471888904226, "20,32": 0.9917579191135457, "20,64": 1.0413744407490015, "20,128": 0.9911316765660908, "21,8": 0.8558807221029545, "21,16": 0.9070683746521525, "21,32": 0.9297763340705598, "21,64": 1.0137133820370319, "21,128": 0.963813675712649, "22,8": 0.8670725662510574, "22,16": 0.8664587965241846, "22,32": 1.0658786112157679, "22,64": 1.0599460732582273, "22,128": 1.0614573269924654, "23,8": 0.8595697125398156, "23,16": 0.8905731938718778, "23,32": 1.0067080258522536, "23,64": 0.9648060871955183, "23,128": 1.016270697784096}