{"0,0.5": 0.8589646453857576, "0,1.0": 1.484134597245995, "0,1.5": 1.4117505734066227, "0,2.0": 1.2189922382358371, "0,2.5": 1.205895533935974, "0,3.0": 1.2184695414044886, "1,0.5": 0.9360123130527693, "1,1.0": 0.9791276998406517, "1,1.5": 1.4961670939307068, "1,2.0": 1.4844353149985088, "1,2.5": 1.2034115156933238, "1,3.0": 1.6847645769738593, "2,0.5": 0.9217322619577334, "2,1.0": 0.8936870086924803, "2,1.5": 1.1334832408907696, "2,2.0": 1.641666685534588, "2,2.5": 1.6844834036552545, "2,3.0": 8.319491347774587, "3,0.5": 0.8841844996270551, "3,1.0": 0.9106822065318924, "3,1.5": 1.0720705882914214, "3,2.0": 0.5099146087210074, "3,2.5": 1.1057198803926316, "3,3.0": 1.5596919460865983, "4,0.5": 0.9094065807553243, "4,1.0": 0.9518413990575877, "4,1.5": 0.9140730146407142, "4,2.0": 0.7549005178113652, "4,2.5": 1.7173008110682086, "4,3.0": 1.3937056177641347, "5,0.5": 0.9202666962620687, "5,1.0": 0.9021664388380665, "5,1.5": 0.9943994699638259, "5,2.0": 1.1596971867035257, "5,2.5": 1.8261737787735848, "5,3.0": 0.7029655121666791, "6,0.5": 0.890004091916611, "6,1.0": 0.9488985038495669, "6,1.5": 0.9296197636873459, "6,2.0": 1.1685214396066035, "6,2.5": 2.588736681829616, "6,3.0": 1.529151538438408, "7,0.5": 0.8625308527319255, "7,1.0": 0.8804943582535012, "7,1.5": 1.0186181462199333, "7,2.0": 0.9167641827661038, "7,2.5": 0.9436018977413281, "7,3.0": 1.2849834329008407, "8,0.5": 0.9277778957916755, "8,1.0": 0.9119655914289717, "8,1.5": 0.9332142482278992, "8,2.0": 0.7808463414512002, "8,2.5": 1.1674700975311518, "8,3.0": 1.161968132340245, "9,0.5": 0.902408792359123, "9,1.0": 0.9466747716437341, "9,1.5": 0.8850284339654073, "9,2.0": 0.9252473757594737, "9,2.5": 1.3341251552804645, "9,3.0": 1.678567394923792, "10,0.5": 0.9573401298375237, "10,1.0": 0.8850213662374322, "10,1.5": 0.9282477365212577, "10,2.0": 0.6218947408003426, "10,2.5": 2.113264476565391, "10,3.0": 1.718254549338488, "11,0.5": 0.8708688691083879, "11,1.0": 0.9230600808352271, "11,1.5": 0.8803095807748789, "11,2.0": 0.8539526841796561, "11,2.5": 1.0196422262697025, "11,3.0": 0.9191913169158913, "12,0.5": 0.8808810949741155, "12,1.0": 0.9002822972579404, "12,1.5": 1.0502646765735157, "12,2.0": 1.0168348371778904, "12,2.5": 1.3597140834895864, "12,3.0": 0.548594306951233, "13,0.5": 0.8555654161480175, "13,1.0": 0.9927521648480843, "13,1.5": 0.9717824094343275, "13,2.0": 0.9770664858171563, "13,2.5": 0.9941433033939574, "13,3.0": 1.1125829166427272, "14,0.5": 0.9055674265838134, "14,1.0": 1.0495564948630034, "14,1.5": 1.1278309560418631, "14,2.0": 1.015127844869428, "14,2.5": 1.1644702735551309, "14,3.0": 1.3227866460165076, "15,0.5": 0.9609512842782504, "15,1.0": 0.9416612529597985, "15,1.5": 1.0442667733515192, "15,2.0": 1.0054989564111505, "15,2.5": 1.2875338338011741, "15,3.0": 0.9369118060046513, "16,0.5": 0.9140054573820957, "16,1.0": 0.926739007010723, "16,1.5": 0.9119027767920862, "16,2.0": 1.012319125864435, "16,2.5": 1.5977711391151797, "16,3.0": 1.2886055344606622, "17,0.5": 0.9208571000405725, "17,1.0": 0.9539807893859589, "17,1.5": 0.9775214337506211, "17,2.0": 0.862269912379412, "17,2.5": 0.9460679630674486, "17,3.0": 1.0228074329827788, "18,0.5": 0.909275333060758, "18,1.0": 0.967509055678818, "18,1.5": 0.972709037380429, "18,2.0": 1.1942600541136523, "18,2.5": 1.0750483632548813, "18,3.0": 1.1897493093650278, "19,0.5": 1.004056329788779, "19,1.0": 0.9754893702373073, "19,1.5": 0.9369615444221977, "19,2.0": 0.9425465048855668, "19,2.5": 0.7664478296125192, "19,3.0": 1.3885090848736263, "20,0.5": 0.929292790837037, "20,1.0": 0.9506138056705069, "20,1.5": 1.0091514359330427, "20,2.0": 0.9462878591236064, "20,2.5": 1.0848168912120473, "20,3.0": 1.0311194448853473, "21,0.5": 0.911758213751679, "21,1.0": 0.9771746537493997, "21,1.5": 0.9499089283479871, "21,2.0": 0.8786720230222962, "21,2.5": 0.9155390598208089, "21,3.0": 0.8993843724195845, "22,0.5": 0.9358194189976433, "22,1.0": 0.9176637845797408, "22,1.5": 0.9020088082444294, "22,2.0": 1.2864534881793135, "22,2.5": 0.92664891734782, "22,3.0": 1.0310036731669754, "23,0.5": 0.9346493933340496, "23,1.0": 0.9342548001627696, "23,1.5": 0.9009259055829063, "23,2.0": 0.8685196563373779, "23,2.5": 1.0902848995518681, "23,3.0": 0.953078307891932, "24,0.5": 0.8748011129460023, "24,1.0": 0.919932114555513, "24,1.5": 0.8700998130307798, "24,2.0": 0.9505745388984832, "24,2.5": 0.8956340092752134, "24,3.0": 1.010844698865028, "25,0.5": 0.8541401429240221, "25,1.0": 0.8745382459510743, "25,1.5": 1.0269440168419393, "25,2.0": 0.8862859270330697, "25,2.5": 0.9446244838375839, "25,3.0": 0.95600814892981, "26,0.5": 0.9374305797891943, "26,1.0": 0.9443185684316284, "26,1.5": 0.8881790581513331, "26,2.0": 0.865067585729451, "26,2.5": 0.995753524783718, "26,3.0": 1.0081898743603643, "27,0.5": 0.8806870753263192, "27,1.0": 0.8286847450103256, "27,1.5": 0.8041268681180982, "27,2.0": 0.8223911876759908, "27,2.5": 0.8880608344452778, "27,3.0": 0.8542518163746613, "28,0.5": 0.9005922796555796, "28,1.0": 0.8899211757752042, "28,1.5": 0.8467026398054849, "28,2.0": 0.8835693959582017, "28,2.5": 0.8987704450109829, "28,3.0": 0.9511078236866829, "29,0.5": 0.8986868474165889, "29,1.0": 0.9083247830223071, "29,1.5": 0.8218560228101173, "29,2.0": 0.9210889508299284, "29,2.5": 0.8896237891099052, "29,3.0": 0.9288473419841158, "30,0.5": 0.8687731259843193, "30,1.0": 0.8966168921263478, "30,1.5": 0.9618886804480984, "30,2.0": 0.9487786307629421, "30,2.5": 0.9345309711926382, "30,3.0": 0.8923912705623045, "31,0.5": 0.932908725575075, "31,1.0": 0.9102145244639289, "31,1.5": 0.8755179235899594, "31,2.0": 0.9742876085089516, "31,2.5": 0.9742253518930135, "31,3.0": 0.9061093436936558, "32,0.5": 0.850838028515367, "32,1.0": 0.9001689559110131, "32,1.5": 0.9639955305211038, "32,2.0": 0.9863294791540009, "32,2.5": 0.9343866174734679, "32,3.0": 0.9744353942500977, "33,0.5": 0.8754883001881852, "33,1.0": 0.9112477506557877, "33,1.5": 0.9218827882531365, "33,2.0": 0.9314556795250772, "33,2.5": 0.9429723686981308, "33,3.0": 1.0073217377721861, "34,0.5": 0.9023432481525112, "34,1.0": 0.900625098817675, "34,1.5": 0.8821609115995573, "34,2.0": 0.8814781959958864, "34,2.5": 0.8640289199178985, "34,3.0": 0.9471004526051914, "35,0.5": 0.8973423395749465, "35,1.0": 0.8819222882311806, "35,1.5": 0.9157986446540252, "35,2.0": 0.9760732125780637, "35,2.5": 0.9506330145211996, "35,3.0": 0.9637880646928806, "36,0.5": 0.8994638587051035, "36,1.0": 0.8696459852774685, "36,1.5": 0.8970429598352962, "36,2.0": 0.9031198326523836, "36,2.5": 0.9158776864024996, "36,3.0": 0.8805033135633097, "37,0.5": 0.8761964694985878, "37,1.0": 0.8526970444351687, "37,1.5": 0.9236241253060915, "37,2.0": 0.9253111063850478, "37,2.5": 0.9300861260241268, "37,3.0": 0.9361745344652151, "38,0.5": 0.8694745547349618, "38,1.0": 0.8357291348281968, "38,1.5": 0.8802261604653925, "38,2.0": 0.9077227576338155, "38,2.5": 0.8518737822574327, "38,3.0": 0.8313779899456273, "39,0.5": 0.9130157189282375, "39,1.0": 0.9788169399066717, "39,1.5": 0.9170806336660908, "39,2.0": 0.8963977172360682, "39,2.5": 0.9063882974535346, "39,3.0": 0.9708673093033132, "40,0.5": 0.8887623736193082, "40,1.0": 0.8848936584129041, "40,1.5": 0.933517821648939, "40,2.0": 0.9353494655951887, "40,2.5": 0.9150724928235575, "40,3.0": 0.9323360675102603, "41,0.5": 0.9154484002633931, "41,1.0": 0.8955713915688226, "41,1.5": 0.9371337067188547, "41,2.0": 0.9544042834579345, "41,2.5": 0.9062201893884363, "41,3.0": 0.9903759077665385, "42,0.5": 0.8713779613716157, "42,1.0": 0.9211389949135632, "42,1.5": 0.9599155491469595, "42,2.0": 0.9392655323251309, "42,2.5": 1.0125041086509343, "42,3.0": 0.9428025380458318, "43,0.5": 0.8931929058591285, "43,1.0": 0.9038471617129739, "43,1.5": 0.8966066021274348, "43,2.0": 0.8789725163959796, "43,2.5": 0.8700248555469741, "43,3.0": 0.9437573381031051, "44,0.5": 0.9119365066398513, "44,1.0": 0.884011573404736, "44,1.5": 0.9134121158396249, "44,2.0": 0.9057002973736632, "44,2.5": 0.9563568469960096,