{"0,0.5": 0.2830861052040056, "0,1.0": 0.15327608128472237, "0,1.5": 0.11506126782760272, "0,2.0": 0.11090819635320016, "0,2.5": 0.10421194388420044, "0,3.0": 0.09001351526077365, "1,0.5": 0.2702579479214593, "1,1.0": 0.2696917087643104, "1,1.5": 0.10128412715575226, "1,2.0": 0.07707422683877604, "1,2.5": 0.0749059970972822, "1,3.0": 0.08665507730998023, "2,0.5": 0.2953280989132861, "2,1.0": 0.266665604966293, "2,1.5": 0.14992979765345704, "2,2.0": 0.08201244870972543, "2,2.5": 0.09154644469497097, "2,3.0": 0.10386181451784188, "3,0.5": 0.28867387285535745, "3,1.0": 0.2552153263534743, "3,1.5": 0.2459056780919892, "3,2.0": 0.09090592208336831, "3,2.5": 0.10710246071136716, "3,3.0": 0.09167137127705773, "4,0.5": 0.301839392571831, "4,1.0": 0.28565029201078507, "4,1.5": 0.2634398145406854, "4,2.0": 0.12066999146421797, "4,2.5": 0.13128532245138627, "4,3.0": 0.1363595311444769, "5,0.5": 0.2717101006126216, "5,1.0": 0.27079466118416196, "5,1.5": 0.24247774703599964, "5,2.0": 0.20818962855477308, "5,2.5": 0.08710054482259212, "5,3.0": 0.07505550018367022, "6,0.5": 0.26740025477888296, "6,1.0": 0.28554268675087285, "6,1.5": 0.22191351333552442, "6,2.0": 0.19348856827481398, "6,2.5": 0.12801560738639833, "6,3.0": 0.10800977654860931, "7,0.5": 0.28177486189097917, "7,1.0": 0.2794450772621912, "7,1.5": 0.2498027633941479, "7,2.0": 0.17696260754233528, "7,2.5": 0.11771181343659258, "7,3.0": 0.1013075691294032, "8,0.5": 0.2791946647270521, "8,1.0": 0.24317348220586446, "8,1.5": 0.2500634203471499, "8,2.0": 0.2411284726819377, "8,2.5": 0.19828648806434443, "8,3.0": 0.15645149621528176, "9,0.5": 0.26830277517723417, "9,1.0": 0.2744503699441293, "9,1.5": 0.260340396334056, "9,2.0": 0.22458604340569602, "9,2.5": 0.1678415666042431, "9,3.0": 0.14098350708510424, "10,0.5": 0.28759986537391363, "10,1.0": 0.27757619784843723, "10,1.5": 0.26584461387995423, "10,2.0": 0.2303679810730631, "10,2.5": 0.17667774267677, "10,3.0": 0.12926074022097306, "11,0.5": 0.2682121543449688, "11,1.0": 0.2478246261277609, "11,1.5": 0.2512172936855709, "11,2.0": 0.22761961632289823, "11,2.5": 0.191972916555166, "11,3.0": 0.13590999643803425, "12,0.5": 0.2700337956476118, "12,1.0": 0.24495278713757418, "12,1.5": 0.26954552098385787, "12,2.0": 0.21623063507255091, "12,2.5": 0.14010852270075883, "12,3.0": 0.12487839189696445, "13,0.5": 0.2704655178145651, "13,1.0": 0.2810545007888303, "13,1.5": 0.26845280773661645, "13,2.0": 0.24436296729290005, "13,2.5": 0.1975420873809518, "13,3.0": 0.15578120627855113, "14,0.5": 0.2697528275853449, "14,1.0": 0.25399933795858365, "14,1.5": 0.27302790411175687, "14,2.0": 0.2549251653021587, "14,2.5": 0.20902331300351273, "14,3.0": 0.15224156072532186, "15,0.5": 0.2778017340202641, "15,1.0": 0.2858328659317892, "15,1.5": 0.253835546705597, "15,2.0": 0.254346144852795, "15,2.5": 0.24766474587376422, "15,3.0": 0.19219772933403287, "16,0.5": 0.2696509957343667, "16,1.0": 0.2667753022626982, "16,1.5": 0.28412489101956695, "16,2.0": 0.26398518598663967, "16,2.5": 0.27416937536062486, "16,3.0": 0.23593825815376515, "17,0.5": 0.2743772339489863, "17,1.0": 0.266121765438462, "17,1.5": 0.27050760518155353, "17,2.0": 0.3030457029563203, "17,2.5": 0.23825397816879068, "17,3.0": 0.2371285184968296, "18,0.5": 0.2658184458387786, "18,1.0": 0.2620278743558398, "18,1.5": 0.2838538948919791, "18,2.0": 0.2661262561802383, "18,2.5": 0.2718518051683216, "18,3.0": 0.22638667348345543, "19,0.5": 0.28028710616453123, "19,1.0": 0.2885427390496751, "19,1.5": 0.2809870690138321, "19,2.0": 0.26834890448184584, "19,2.5": 0.25375276803436947, "19,3.0": 0.23215390089018528, "20,0.5": 0.2731082795383362, "20,1.0": 0.25363344909165275, "20,1.5": 0.25317770260982475, "20,2.0": 0.265664186361469, "20,2.5": 0.22520487093072886, "20,3.0": 0.24087210188332275, "21,0.5": 0.274241379920548, "21,1.0": 0.25017667698003376, "21,1.5": 0.27409254717141995, "21,2.0": 0.27636066002997883, "21,2.5": 0.2604946432992721, "21,3.0": 0.25167392135348116, "22,0.5": 0.26235384729205713, "22,1.0": 0.28344183593240047, "22,1.5": 0.2568686252152603, "22,2.0": 0.26287388052025884, "22,2.5": 0.2665462772785004, "22,3.0": 0.24808075799018864, "23,0.5": 0.2570728482965687, "23,1.0": 0.292159785230196, "23,1.5": 0.24292402652999964, "23,2.0": 0.23498643592371124, "23,2.5": 0.2569779921403701, "23,3.0": 0.22336935764134097, "24,0.5": 0.2805519875299544, "24,1.0": 0.28100296565750477, "24,1.5": 0.27305413854440164, "24,2.0": 0.27264380938482047, "24,2.5": 0.2438204540056679, "24,3.0": 0.22088013902001222, "25,0.5": 0.2848642477956399, "25,1.0": 0.28555752552596897, "25,1.5": 0.3050820139034041, "25,2.0": 0.2872823605239849, "25,2.5": 0.2725271749762289, "25,3.0": 0.23887708671557173, "26,0.5": 0.27527578339969655, "26,1.0": 0.3046942213104924, "26,1.5": 0.30011823910787444, "26,2.0": 0.29859228355115014, "26,2.5": 0.2843028988012289, "26,3.0": 0.2874103677936819, "27,0.5": 0.29153510891562, "27,1.0": 0.28994559937259506, "27,1.5": 0.27198459161012634, "27,2.0": 0.2691371717183402, "27,2.5": 0.27110094337138485, "27,3.0": 0.271000142242601, "28,0.5": 0.27415340629791846, "28,1.0": 0.27228281602626886, "28,1.5": 0.28299260748702587, "28,2.0": 0.2828708027543419, "28,2.5": 0.28173079898394854, "28,3.0": 0.2705121647766638, "29,0.5": 0.27597302625070674, "29,1.0": 0.2763519536474621, "29,1.5": 0.2931401582854499, "29,2.0": 0.2601644485439527, "29,2.5": 0.26602516189105907, "29,3.0": 0.2622411621810967, "30,0.5": 0.273660137643935, "30,1.0": 0.28679016126480766, "30,1.5": 0.27288520813159334, "30,2.0": 0.27056706580294104, "30,2.5": 0.2883964750358635, "30,3.0": 0.2693803522896378, "31,0.5": 0.29203767393638125, "31,1.0": 0.2900162585456009, "31,1.5": 0.28716664782443213, "31,2.0": 0.2722845541667939, "31,2.5": 0.26698397758350184, "31,3.0": 0.2705368041181415, "32,0.5": 0.2798313185392558, "32,1.0": 0.27844779963720084, "32,1.5": 0.2814485620776528, "32,2.0": 0.2634908067962399, "32,2.5": 0.2726275555770185, "32,3.0": 0.27573767797222354, "33,0.5": 0.277394764356703, "33,1.0": 0.2611179895432222, "33,1.5": 0.27923514002772326, "33,2.0": 0.2588169047985295, "33,2.5": 0.26449828728352376, "33,3.0": 0.25601258012992023, "34,0.5": 0.27406694062382336, "34,1.0": 0.2660650040354913, "34,1.5": 0.27584977304205094, "34,2.0": 0.2553691112987057, "34,2.5": 0.28690068263272744, "34,3.0": 0.2681957533618525, "35,0.5": 0.267580710132562, "35,1.0": 0.27386857596172676, "35,1.5": 0.2975612740257303, "35,2.0": 0.2866071998805564, "35,2.5": 0.267790010091223, "35,3.0": 0.2669170528178371, "36,0.5": 0.2732106891209195, "36,1.0": 0.2862495989183654, "36,1.5": 0.2817022611898243, "36,2.0": 0.2967755517170292, "36,2.5": 0.28923844859228603, "36,3.0": 0.2754097559028035, "37,0.5": 0.2725131382960479, "37,1.0": 0.28757518809465554, "37,1.5": 0.2664307938091987, "37,2.0": 0.28754715625697336, "37,2.5": 0.28226021474108903, "37,3.0": 0.2826876554937328, "38,0.5": 0.28923312095460796, "38,1.0": 0.29112809680418356, "38,1.5": 0.2772483616390303, "38,2.0": 0.2968774389530505, "38,2.5": 0.2772512317041404, "38,3.0": 0.24807840359153216, "39,0.5": 0.27722315964088984, "39,1.0": 0.2706279873623807, "39,1.5": 0.27348050554202197, "39,2.0": 0.27704696263422046, "39,2.5": 0.27808428104227256, "39,3.0": 0.30252776583771257, "40,0.5": 0.277768370102116, "40,1.0": 0.28579634389743797, "40,1.5": 0.29290745605037144, "40,2.0": 0.261432742825424, "40,2.5": 0.27692909338489163, "40,3.0": 0.27073305422322114, "41,0.5": 0.2832672751168215, "41,1.0": 0.274139478825129, "41,1.5": 0.2819937824717543, "41,2.0": 0.27510959039297084, "41,2.5": 0.29553207423925415, "41,3.0": 0.28957597013851333, "42,0.5": 0.26950924596293413, "42,1.0": 0.3047527185845074, "42,1.5": 0.26588918907168485, "42,2.0": 0.28725887754851986, "42,2.5": 0.28727955589489323, "42,3.0": 0.2994645645727197, "43,0.5": 0.2589041930097098, "43,1.0": 0.27343763349757816, "43,1.5": 0.2845239540853629, "43,2.0": 0.28200273320234026, "43,2.5": 0.2826697902149726, "43,3.0": 0.27587359104188963,