{"0,8": 0.3384671390142616, "0,16": 0.23095049509352344, "0,32": 0.1891888978775643, "0,64": 0.17019517059789743, "0,128": 0.15860940416922448, "1,8": 0.20771082207208338, "1,16": 0.14796250698132488, "1,32": 0.11129424459830996, "1,64": 0.12566400275970868, "1,128": 0.1114161688441953, "2,8": 0.2768284961030909, "2,16": 0.13147648486907673, "2,32": 0.10712053454658199, "2,64": 0.11672710248367674, "2,128": 0.11921060268649307, "3,8": 0.21034721690274627, "3,16": 0.11643702641757343, "3,32": 0.08558883259990396, "3,64": 0.08367526861736936, "3,128": 0.10900453798680933, "4,8": 0.22808066603013966, "4,16": 0.10222883457147457, "4,32": 0.09227280221510929, "4,64": 0.10152063286102557, "4,128": 0.0988913065190821, "5,8": 0.25667330088906415, "5,16": 0.12767438075748383, "5,32": 0.1332472160866099, "5,64": 0.12092135675378553, "5,128": 0.11700103135581107, "6,8": 0.3585240386112005, "6,16": 0.10672509860008524, "6,32": 0.07966135945214874, "6,64": 0.08846687193327292, "6,128": 0.10626913936354095, "7,8": 0.3147511072864134, "7,16": 0.1781435417134108, "7,32": 0.10380670604293964, "7,64": 0.08983515712457975, "7,128": 0.10022372691241774, "8,8": 0.33393378267391566, "8,16": 0.3076852305527779, "8,32": 0.15825523929300356, "8,64": 0.11041170146043117, "8,128": 0.10463366312925354, "9,8": 0.35948172969655573, "9,16": 0.33023699572789117, "9,32": 0.21897792738138902, "9,64": 0.1308264101090834, "9,128": 0.1209557490682988, "10,8": 0.344019975251195, "10,16": 0.32095130500589986, "10,32": 0.22310658087640592, "10,64": 0.16999300250760419, "10,128": 0.14340553797862673, "11,8": 0.34864557096674115, "11,16": 0.2820460565266405, "11,32": 0.16334726422251566, "11,64": 0.11643025992956527, "11,128": 0.0993503401089119, "12,8": 0.3131433353819522, "12,16": 0.25179592506517223, "12,32": 0.16295237338659188, "12,64": 0.10851147063193196, "12,128": 0.10002517176867204, "13,8": 0.32098450468996265, "13,16": 0.28449496605382607, "13,32": 0.1950348828462177, "13,64": 0.16305164685490714, "13,128": 0.1385579254879142, "14,8": 0.29730003438219066, "14,16": 0.27405183940229294, "14,32": 0.1813283360238721, "14,64": 0.13597932089081288, "14,128": 0.12235149709951039, "15,8": 0.3111149573693576, "15,16": 0.27161561081883223, "15,32": 0.25933088508453855, "15,64": 0.16549365024152146, "15,128": 0.14637018631745874, "16,8": 0.335678526168251, "16,16": 0.31564486852100354, "16,32": 0.24272482728885025, "16,64": 0.23157020853866342, "16,128": 0.16074341072934747, "17,8": 0.30996919428743236, "17,16": 0.32019911582659, "17,32": 0.26506658212971645, "17,64": 0.18886930120887224, "17,128": 0.2159614299467416, "18,8": 0.3339277215936276, "18,16": 0.35553352803627886, "18,32": 0.31888114461112954, "18,64": 0.28273580652007374, "18,128": 0.248223548758225, "19,8": 0.32576341464797215, "19,16": 0.3479757121050902, "19,32": 0.28136392423725254, "19,64": 0.2449668742601647, "19,128": 0.2543884995199842, "20,8": 0.3472169073086107, "20,16": 0.3435193858981107, "20,32": 0.2843765090612378, "20,64": 0.2713699344613764, "20,128": 0.2381902612393204, "21,8": 0.36549855926307356, "21,16": 0.35316925762550144, "21,32": 0.32616161353583706, "21,64": 0.2941202019699657, "21,128": 0.26349903958574594, "22,8": 0.34034359195683106, "22,16": 0.3169426192804763, "22,32": 0.23874425417221395, "22,64": 0.21916587931781473, "22,128": 0.22858961281492884, "23,8": 0.3452713842117296, "23,16": 0.35676329254563804, "23,32": 0.3246347112759207, "23,64": 0.27504734472339964, "23,128": 0.2413886592820285}