{"0,0.5": 0.008105565071974212, "0,1.0": 0.0032497105382636804, "0,1.5": 0.03930238810601841, "0,2.0": 0.018999337220014297, "0,2.5": -0.004208453986571605, "0,3.0": -0.003960763216121977, "1,0.5": -0.006143939789805111, "1,1.0": -0.010956759232852315, "1,1.5": 0.02266969199234377, "1,2.0": -0.005566032471962395, "1,2.5": -0.0015847254824043235, "1,3.0": -0.01829193205998239, "2,0.5": 0.026102089649283244, "2,1.0": 0.020592178788753954, "2,1.5": 0.012742420614321912, "2,2.0": 0.018822159107068095, "2,2.5": -0.01090479688089318, "2,3.0": -0.011598201965511505, "3,0.5": 0.012256774929919926, "3,1.0": 0.02814875404988679, "3,1.5": 0.01616936926537261, "3,2.0": 0.011219962264074814, "3,2.5": -0.012564248560441488, "3,3.0": 0.008787958295572348, "4,0.5": 0.0006848055890574399, "4,1.0": -0.007971620864101112, "4,1.5": 0.027503500230797878, "4,2.0": 0.02902260350151784, "4,2.5": 0.0179118609415993, "4,3.0": 0.017191224972907582, "5,0.5": 0.008579481629463835, "5,1.0": 0.030391266815444493, "5,1.5": 0.025194094471914202, "5,2.0": 0.02241386631568673, "5,2.5": 0.022735207770269508, "5,3.0": 0.014932703978283203, "6,0.5": 0.027465069637768735, "6,1.0": 0.028902278601897632, "6,1.5": 0.02365991960434397, "6,2.0": 0.024222156363189418, "6,2.5": 0.021638501447359806, "6,3.0": 0.022290693550706873, "7,0.5": 0.0300828461783114, "7,1.0": 0.004475466126864894, "7,1.5": 0.0278138387364874, "7,2.0": 0.023130579818998413, "7,2.5": 0.04959786859837445, "7,3.0": 0.046361834317327405, "8,0.5": 0.024380773399684724, "8,1.0": 0.012663760362675454, "8,1.5": 0.03501735067069075, "8,2.0": 0.03787448915851978, "8,2.5": 0.024224771516331758, "8,3.0": 0.036727783711526484, "9,0.5": 0.003307405980220461, "9,1.0": 0.008772185843029393, "9,1.5": -0.004087141167989115, "9,2.0": -0.014842822393716057, "9,2.5": 0.0013721420388447289, "9,3.0": -0.005730600771294277, "10,0.5": -0.003185329777869821, "10,1.0": 0.008401280664523466, "10,1.5": -0.005922866256761908, "10,2.0": 0.008719627950135016, "10,2.5": 0.01860993316170459, "10,3.0": -0.010372736646987497, "11,0.5": -0.011371621691057671, "11,1.0": 0.0055239769574644965, "11,1.5": 0.027965374890914538, "11,2.0": 0.030814997619537224, "11,2.5": 0.03678356748276671, "11,3.0": 0.008918142476660154}