{"0,8": 1.1079176582634795, "0,16": 0.7808712524688481, "0,32": 0.6288522631434287, "0,64": 0.5773526756758917, "0,128": 0.5482025349444357, "1,8": 0.7122568514733082, "1,16": 0.50177591289799, "1,32": 0.3630122774786707, "1,64": 0.41800246244743267, "1,128": 0.36962050555502135, "2,8": 0.9431211516227971, "2,16": 0.45336169139154525, "2,32": 0.36939340447381297, "2,64": 0.3920360055637593, "2,128": 0.3824143133131874, "3,8": 0.7219653852863305, "3,16": 0.38610891142832343, "3,32": 0.3179995465305365, "3,64": 0.2878015223338778, "3,128": 0.3694040234590694, "4,8": 0.7922956683884689, "4,16": 0.34599288707340636, "4,32": 0.31058943422069674, "4,64": 0.34954273239777306, "4,128": 0.3349853561314078, "5,8": 0.8693586854535814, "5,16": 0.42957703791446, "5,32": 0.44237287306807543, "5,64": 0.3973378922813186, "5,128": 0.38681291486490665, "6,8": 1.1794381385678208, "6,16": 0.33396932716072947, "6,32": 0.28128989485404604, "6,64": 0.292197963157553, "6,128": 0.36981163861373684, "7,8": 1.0354733152946662, "7,16": 0.5801617716626771, "7,32": 0.32836416766472504, "7,64": 0.302445559730419, "7,128": 0.32464487128278074, "8,8": 1.0990486059794016, "8,16": 0.9765132967694288, "8,32": 0.558681682654906, "8,64": 0.3730017372677518, "8,128": 0.3475719126492762, "9,8": 1.2172489045045758, "9,16": 1.126164092060916, "9,32": 0.7166385093566638, "9,64": 0.441872387572367, "9,128": 0.3938495082536033, "10,8": 1.1726058252050633, "10,16": 1.070827721026455, "10,32": 0.7509707780379775, "10,64": 0.5564731334347146, "10,128": 0.47822735147075257, "11,8": 1.0933542210193716, "11,16": 0.9388600658619607, "11,32": 0.577333720582832, "11,64": 0.4062167413252054, "11,128": 0.34837417257816083, "12,8": 1.083008203554121, "12,16": 0.894629205779473, "12,32": 0.5450858904455688, "12,64": 0.3353812103131165, "12,128": 0.3369205627588134, "13,8": 1.0638444011612362, "13,16": 0.9847373027387226, "13,32": 0.6420977028632371, "13,64": 0.5405493091086391, "13,128": 0.44391854824789484, "14,8": 0.9549586372148108, "14,16": 0.9434041051985695, "14,32": 0.6013141331401771, "14,64": 0.46844533962663004, "14,128": 0.40633808839206115, "15,8": 1.0326062376357252, "15,16": 0.9120912560867177, "15,32": 0.9177133021884389, "15,64": 0.5507379810212422, "15,128": 0.49647084378020473, "16,8": 1.1257330496281757, "16,16": 1.0191050313891155, "16,32": 0.7835177124750506, "16,64": 0.740525358040503, "16,128": 0.5204176509143869, "17,8": 0.9840926785534043, "17,16": 1.060380177357924, "17,32": 0.9002387011731072, "17,64": 0.6136212984610151, "17,128": 0.712442521939045, "18,8": 1.1074273358393656, "18,16": 1.1478576670001874, "18,32": 1.0941862209938271, "18,64": 0.9389103084664581, "18,128": 0.81446061116412, "19,8": 1.0138806933950821, "19,16": 1.1377432206568674, "19,32": 0.9619048044236264, "19,64": 0.8023320598269262, "19,128": 0.8308639803424867, "20,8": 1.1514637930428202, "20,16": 1.1400641978459676, "20,32": 0.9521036861664494, "20,64": 0.8561968610543331, "20,128": 0.7599224691909652, "21,8": 1.1847667792945165, "21,16": 1.1810768656152542, "21,32": 1.1333414083152868, "21,64": 0.9744956094654287, "21,128": 0.8904221430415098, "22,8": 1.079266344626504, "22,16": 1.062360478092479, "22,32": 0.7799222604331153, "22,64": 0.7324814036775852, "22,128": 0.7798078503733241, "23,8": 1.1404180010252098, "23,16": 1.189293128575558, "23,32": 1.0739495082235657, "23,64": 0.9221380522225976, "23,128": 0.8051198645387392}