{"0,8": 0.3107408494509656, "0,16": 0.2455058703179581, "0,32": 0.14110093257738632, "0,64": 0.12789074797063388, "0,128": 0.14040976732723753, "1,8": 0.20798681273829145, "1,16": 0.13555143886670948, "1,32": 0.11009912901455654, "1,64": 0.11707044244490573, "1,128": 0.1020887394623951, "2,8": 0.2547884970010328, "2,16": 0.10748763305241416, "2,32": 0.1096714813874817, "2,64": 0.10031216741836604, "2,128": 0.10188631504877044, "3,8": 0.16745744772938356, "3,16": 0.11391138522675869, "3,32": 0.0943197564213578, "3,64": 0.08003580402344869, "3,128": 0.10105464620593549, "4,8": 0.19240435173696216, "4,16": 0.10172617730034368, "4,32": 0.09549548028656775, "4,64": 0.08867235804975057, "4,128": 0.09796510899978308, "5,8": 0.22213167624276006, "5,16": 0.11183311398057055, "5,32": 0.11560947974483497, "5,64": 0.10717721253771484, "5,128": 0.10397991296725953, "6,8": 0.3302072264403946, "6,16": 0.10573433868779078, "6,32": 0.09604195364846946, "6,64": 0.1081220898579158, "6,128": 0.10773380449183718, "7,8": 0.29205519481372666, "7,16": 0.13939071178688914, "7,32": 0.08555526477185836, "7,64": 0.07679962399868097, "7,128": 0.07528607911608343, "8,8": 0.31914688281032466, "8,16": 0.2809778998739643, "8,32": 0.13093330989846444, "8,64": 0.1024750280941186, "8,128": 0.08194960063852083, "9,8": 0.35130565524479695, "9,16": 0.2877724370240673, "9,32": 0.1966508125377562, "9,64": 0.11501929533521249, "9,128": 0.08052105736043354, "10,8": 0.3297750245301978, "10,16": 0.3047258238227615, "10,32": 0.22768712897607987, "10,64": 0.16383993731959948, "10,128": 0.14576950377056325, "11,8": 0.32086632114624075, "11,16": 0.27769659544355896, "11,32": 0.18761600487642321, "11,64": 0.15177118706967957, "11,128": 0.14397622164299437, "12,8": 0.29896499506115615, "12,16": 0.266237105817707, "12,32": 0.17533286784828364, "12,64": 0.1439518349077841, "12,128": 0.14277697413405466, "13,8": 0.2864468582825943, "13,16": 0.2823060357716368, "13,32": 0.18354766327828465, "13,64": 0.15097465649940223, "13,128": 0.14753028362447704, "14,8": 0.27590864390423986, "14,16": 0.2817362095278917, "14,32": 0.18904184192500328, "14,64": 0.13894340079688677, "14,128": 0.1267119908251996, "15,8": 0.2961733262265315, "15,16": 0.2814912049486351, "15,32": 0.2617764015204054, "15,64": 0.18387577202214167, "15,128": 0.1440133336471855, "16,8": 0.3313745369375104, "16,16": 0.3235920776374489, "16,32": 0.24355296445647223, "16,64": 0.22670741839818886, "16,128": 0.17785721861778606, "17,8": 0.2940255329926825, "17,16": 0.3060359889766109, "17,32": 0.25847838447399357, "17,64": 0.1969081349848166, "17,128": 0.19374833583785922, "18,8": 0.3247106920446849, "18,16": 0.34951122715932453, "18,32": 0.27501064004459885, "18,64": 0.24931755885059356, "18,128": 0.22573038292698255, "19,8": 0.3270510011926886, "19,16": 0.3418105132117776, "19,32": 0.29017164173361104, "19,64": 0.22833265533845915, "19,128": 0.23104872230455298, "20,8": 0.3238516144164164, "20,16": 0.3398584789961674, "20,32": 0.2639081565466739, "20,64": 0.20843473821648448, "20,128": 0.2228198444785948, "21,8": 0.33288560225540376, "21,16": 0.3402619450652433, "21,32": 0.2885602640465648, "21,64": 0.253028596934149, "21,128": 0.24093753784690586, "22,8": 0.30977985606016634, "22,16": 0.29679231555112223, "22,32": 0.1984966604450995, "22,64": 0.16910639630175167, "22,128": 0.18301302432246297, "23,8": 0.32813668022313847, "23,16": 0.30512142895619865, "23,32": 0.2669714375630863, "23,64": 0.2297099684448186, "23,128": 0.18521861784388152}