{"0,0.5": 0.2889261212067321, "0,1.0": 0.26326243179642184, "0,1.5": 0.1572001984871417, "0,2.0": 0.12475903279015294, "0,2.5": 0.11362370700810771, "0,3.0": 0.1096506147214642, "1,0.5": 0.28832671527404946, "1,1.0": 0.26322093059709256, "1,1.5": 0.15144455384252653, "1,2.0": 0.13276796006721167, "1,2.5": 0.09355870957428437, "1,3.0": 0.08472675957257131, "2,0.5": 0.3010188124097644, "2,1.0": 0.2523425553063161, "2,1.5": 0.18956259731411235, "2,2.0": 0.16990755966581603, "2,2.5": 0.12012399917374698, "2,3.0": 0.0893333482329678, "3,0.5": 0.28907215990289453, "3,1.0": 0.2680284697414837, "3,1.5": 0.18516299375454082, "3,2.0": 0.16705807356715197, "3,2.5": 0.13730985191695888, "3,3.0": 0.10998434574992806, "4,0.5": 0.2962850536506224, "4,1.0": 0.2531910755355659, "4,1.5": 0.2571124039208205, "4,2.0": 0.22547541725217612, "4,2.5": 0.19590099676004769, "4,3.0": 0.1572971182702226, "5,0.5": 0.26426306080997203, "5,1.0": 0.27903608260634294, "5,1.5": 0.2489922680627666, "5,2.0": 0.23150851636331427, "5,2.5": 0.19466199637294684, "5,3.0": 0.1703126826630034, "6,0.5": 0.27270214357354816, "6,1.0": 0.230639216501533, "6,1.5": 0.18332315989136, "6,2.0": 0.15094765362636126, "6,2.5": 0.14033212669825726, "6,3.0": 0.1223414415818677, "7,0.5": 0.24605676587152706, "7,1.0": 0.25838329104501656, "7,1.5": 0.18934478467872717, "7,2.0": 0.15890542716498732, "7,2.5": 0.13654680001718217, "7,3.0": 0.14860669456280434, "8,0.5": 0.25940598192059583, "8,1.0": 0.24045850427624668, "8,1.5": 0.21759489850480396, "8,2.0": 0.16629402492844053, "8,2.5": 0.1427197190005635, "8,3.0": 0.13966768329586188, "9,0.5": 0.24910127981933514, "9,1.0": 0.2216852462317932, "9,1.5": 0.22463526796664324, "9,2.0": 0.21062933070345347, "9,2.5": 0.1744729707205285, "9,3.0": 0.13664691345559854, "10,0.5": 0.2732612262167395, "10,1.0": 0.2259895098816814, "10,1.5": 0.22668100475964492, "10,2.0": 0.18768114303205263, "10,2.5": 0.15779871118896824, "10,3.0": 0.11702873905788182, "11,0.5": 0.27515600501687293, "11,1.0": 0.30391815247679266, "11,1.5": 0.30018810274712426, "11,2.0": 0.23056235424504296, "11,2.5": 0.19364638422493796, "11,3.0": 0.15304651002775382}