{"0,8": -0.14055881555385896, "0,16": -0.2620627893787486, "0,32": -0.038114366132837044, "0,64": -0.006663226551103299, "0,128": 0.016609543907923602, "1,8": -0.07340720173448598, "1,16": 0.021084641795238612, "1,32": 0.008693280091155726, "1,64": 0.06297604562070967, "1,128": 0.048789670362485965, "2,8": 0.11321689906488475, "2,16": 0.030282672758221628, "2,32": -0.025093315315026413, "2,64": 0.014956587521952135, "2,128": -0.05163707850638399, "3,8": 0.05423788902234857, "3,16": -0.013724791146854584, "3,32": -0.010756492408054421, "3,64": -0.03357034499095867, "3,128": -0.027509333576449118, "4,8": 0.03914770474767835, "4,16": 0.02699547672418698, "4,32": 0.010454004859437453, "4,64": 0.054426461668741474, "4,128": 0.036689213565359924, "5,8": 0.10976821232846114, "5,16": 0.06746213565393983, "5,32": 0.0987179189380932, "5,64": 0.1039916739864389, "5,128": 0.1113367411282519, "6,8": 0.10689743270223323, "6,16": 0.014589820832014195, "6,32": -0.03151406075756424, "6,64": -0.051486199500559826, "6,128": 0.024109089065616866, "7,8": 0.15152851916859156, "7,16": 0.22745686565680728, "7,32": 0.1908269808316339, "7,64": 0.19419151622292077, "7,128": 0.16403142029440587, "8,8": 0.03069208986699288, "8,16": 0.2915300226542802, "8,32": 0.1858891365089349, "8,64": 0.11239627611649863, "8,128": 0.09389339343598188, "9,8": 0.17480767912056555, "9,16": 0.3049340947230513, "9,32": 0.23029259172950223, "9,64": 0.11660655634787864, "9,128": 0.19116915941168164, "10,8": 0.2052280876946654, "10,16": 0.15696617107220248, "10,32": 0.08506851958653922, "10,64": 0.14424463767414544, "10,128": 0.1051209864370872, "11,8": 0.086603979055003, "11,16": -0.04074753648715312, "11,32": 0.07377449072784165, "11,64": -0.05079312176649799, "11,128": -0.07578393472314021, "12,8": 0.021546515566865557, "12,16": -0.054592444435119875, "12,32": -0.037297984796981216, "12,64": 0.0182445992560208, "12,128": -0.058973279311545904, "13,8": -0.005915552834231617, "13,16": -0.02981615192376971, "13,32": 0.07694062882139707, "13,64": 0.11643087814806878, "13,128": 0.010366530224642427, "14,8": 0.05990105940506986, "14,16": -0.08070325033647986, "14,32": 0.022684968436143284, "14,64": 0.06564733032489606, "14,128": 0.051244434870138744, "15,8": 0.045650778108190716, "15,16": -0.018735053911834772, "15,32": 0.05430280849173661, "15,64": 0.12177906059415775, "15,128": 0.1337279394439232, "16,8": 0.19468509768379572, "16,16": 0.1159616211626246, "16,32": 0.2124797590409565, "16,64": 0.19706945561782585, "16,128": 0.11130406724159438, "17,8": 0.23044862013125325, "17,16": 0.21665096671557116, "17,32": 0.19150334114473241, "17,64": 0.1287415767675917, "17,128": 0.16109792139921217, "18,8": 0.24610655267471063, "18,16": 0.2097603053854593, "18,32": 0.21121817046809233, "18,64": 0.21479594397606563, "18,128": 0.23025135233615093, "19,8": 0.10137175723272647, "19,16": 0.08430368623306816, "19,32": 0.07779172555254679, "19,64": 0.14993397847624715, "19,128": 0.11166439597259742, "20,8": 0.19458496597432734, "20,16": 0.0893646273600614, "20,32": 0.19897054080257062, "20,64": 0.18886036223412853, "20,128": 0.15184876766362682, "21,8": 0.24091375321619074, "21,16": 0.11235978094744645, "21,32": 0.19983313852800869, "21,64": 0.25612459773877244, "21,128": 0.15925066891851322, "22,8": 0.2128163813684013, "22,16": 0.17514579392229118, "22,32": 0.29301611829680385, "22,64": 0.26137237403489433, "22,128": 0.2213196825291945, "23,8": 0.22810200660414856, "23,16": 0.3342173397185596, "23,32": 0.2864555350421508, "23,64": 0.2680446419380126, "23,128": 0.24501715648700917}