{"0,8": 0.30463458726403997, "0,16": 0.30460134443447606, "0,32": 0.304603360497264, "0,64": 0.30461122017115705, "0,128": 0.304595182824026, "1,8": 0.3046387117718921, "1,16": 0.30467030688501306, "1,32": 0.3046176675101011, "1,64": 0.30448227223664126, "1,128": 0.30462840904065147, "2,8": 0.30461476722518915, "2,16": 0.3046234587530168, "2,32": 0.30461278016280197, "2,64": 0.3045988784115947, "2,128": 0.30461372236437273, "3,8": 0.30459540925742223, "3,16": 0.3046379539849074, "3,32": 0.30460762661869883, "3,64": 0.3044752823374847, "3,128": 0.3046172978194823, "4,8": 0.30460981678430743, "4,16": 0.3046093410262335, "4,32": 0.30466746190266625, "4,64": 0.30464620966684147, "4,128": 0.3046142169559509, "5,8": 0.30456852488467195, "5,16": 0.30463277344133527, "5,32": 0.3046296903627378, "5,64": 0.30462114837135945, "5,128": 0.304609361910517, "6,8": 0.3046250083856721, "6,16": 0.30460534148300844, "6,32": 0.30464952427545333, "6,64": 0.3046196256711001, "6,128": 0.3046224601103186, "7,8": 0.3046084300666909, "7,16": 0.30461954466931257, "7,32": 0.3046037077580912, "7,64": 0.30464596986958353, "7,128": 0.30464937776792805, "8,8": 0.3046770818550988, "8,16": 0.30448797245066955, "8,32": 0.30467300771217354, "8,64": 0.30462931705742574, "8,128": 0.3046153510097871, "9,8": 0.30464704118621944, "9,16": 0.3044604654855521, "9,32": 0.30460751713995354, "9,64": 0.30460976590412847, "9,128": 0.30460394644074723, "10,8": 0.3046512524696204, "10,16": 0.30459973491454945, "10,32": 0.30459469466113487, "10,64": 0.30461029104467513, "10,128": 0.3046282862211297, "11,8": 0.30459136280758004, "11,16": 0.30462915730610296, "11,32": 0.3046097324867888, "11,64": 0.304639078373521, "11,128": 0.304607031337963, "12,8": 0.3046425082286259, "12,16": 0.30466529981643437, "12,32": 0.30464489097452646, "12,64": 0.3046105664894245, "12,128": 0.3046089088461523, "13,8": 0.3045951447479227, "13,16": 0.30466662047579507, "13,32": 0.3046122033174082, "13,64": 0.30461247584231227, "13,128": 0.30462978173665767, "14,8": 0.3044391496526897, "14,16": 0.3045869539761707, "14,32": 0.30464640701675966, "14,64": 0.3046018560105209, "14,128": 0.30461054150637684, "15,8": 0.30452425153026935, "15,16": 0.30461124481554736, "15,32": 0.30460593903457583, "15,64": 0.3046133848904796, "15,128": 0.30461390860833776, "16,8": 0.3046349521882503, "16,16": 0.30469515713266143, "16,32": 0.3046002385725173, "16,64": 0.3046210818251607, "16,128": 0.30461281530308193, "17,8": 0.30465447272738183, "17,16": 0.30460140302758193, "17,32": 0.3046013442731972, "17,64": 0.30463477140272754, "17,128": 0.3046012264609621, "18,8": 0.30468412639656994, "18,16": 0.3046786190671664, "18,32": 0.30460762816676595, "18,64": 0.3045998502519736, "18,128": 0.30458706306645417, "19,8": 0.30460398685126655, "19,16": 0.30461436883508497, "19,32": 0.3046394871959561, "19,64": 0.3046421380299274, "19,128": 0.30458121002497945, "20,8": 0.30461793977210977, "20,16": 0.30467890911370243, "20,32": 0.30462266422602213, "20,64": 0.3046510672181916, "20,128": 0.3046331948149943, "21,8": 0.3045995178992955, "21,16": 0.3044539612239825, "21,32": 0.3046161910252485, "21,64": 0.3044583443390645, "21,128": 0.30460277173437, "22,8": 0.30465402774683853, "22,16": 0.30459455527313506, "22,32": 0.3044793245509292, "22,64": 0.30460663834850016, "22,128": 0.30464191367366195, "23,8": 0.30461041974993436, "23,16": 0.30460378839803814, "23,32": 0.3046335280948421, "23,64": 0.3044616336567996, "23,128": 0.30446538542828755}