{"0,8": 0.19819979451316364, "0,16": 0.15076795787982952, "0,32": 0.17367332585294323, "0,64": 0.1721056899830907, "0,128": 0.18093701429887157, "1,8": 0.15814502611225276, "1,16": 0.1771065296225659, "1,32": 0.1722844067581779, "1,64": 0.18180931454824809, "1,128": 0.1662220900780925, "2,8": 0.16374661173436478, "2,16": 0.17597365535674925, "2,32": 0.2273950076292743, "2,64": 0.13337829915370594, "2,128": 0.18638141140683923, "3,8": 0.1733422237955596, "3,16": 0.1348115054071258, "3,32": 0.1705580544808999, "3,64": 0.16200515273367466, "3,128": 0.2193535609604316, "4,8": 0.1958191223683454, "4,16": 0.16357364170106184, "4,32": 0.15788227240401756, "4,64": 0.14301934240173397, "4,128": 0.1844133159020221, "5,8": 0.19213921110576818, "5,16": 0.17176336824992813, "5,32": 0.14607438037303433, "5,64": 0.21313366166670622, "5,128": 0.1087909249733681, "6,8": 0.199760040622153, "6,16": 0.2653536807858491, "6,32": 0.19266138962096754, "6,64": 0.23723887615460384, "6,128": 0.19881590577258643, "7,8": 0.21610706278294473, "7,16": 0.17634587678686653, "7,32": 0.14612712075286294, "7,64": 0.18191565171641566, "7,128": 0.1642908144357626, "8,8": 0.1357343698087836, "8,16": 0.16275717081912433, "8,32": 0.20252901767015008, "8,64": 0.1605776094926037, "8,128": 0.19649056068321966, "9,8": 0.15368578712211461, "9,16": 0.16358952908639632, "9,32": 0.1440877838489775, "9,64": 0.19307825318777422, "9,128": 0.1658871272034349, "10,8": 0.1400284850561712, "10,16": 0.1930764245780609, "10,32": 0.16358152430381245, "10,64": 0.16961456741652695, "10,128": 0.20889658083076104, "11,8": 0.12901043937644874, "11,16": 0.14173651624681527, "11,32": 0.16086376607189534, "11,64": 0.1914898254045219, "11,128": 0.19387241457924567, "12,8": 0.16046655660483855, "12,16": 0.1751526796320462, "12,32": 0.20007297630980822, "12,64": 0.1584304073956264, "12,128": 0.15657774605015898, "13,8": 0.11647413664990343, "13,16": 0.15018916599050788, "13,32": 0.2175806106958165, "13,64": 0.18131557377737917, "13,128": 0.23751661088909806, "14,8": 0.14487943935232342, "14,16": 0.17887044282988493, "14,32": 0.1747387726972558, "14,64": 0.18484684343103058, "14,128": 0.18825117724739876, "15,8": 0.17178299160014865, "15,16": 0.2083468858611099, "15,32": 0.1557632233780502, "15,64": 0.13890679281656312, "15,128": 0.19681073545632893, "16,8": 0.15727257339147493, "16,16": 0.15457943029364168, "16,32": 0.13685932292372519, "16,64": 0.19731525662754182, "16,128": 0.19287516840878643, "17,8": 0.1555879633011855, "17,16": 0.17233738030312248, "17,32": 0.12562630351606435, "17,64": 0.162361244680225, "17,128": 0.14284334824632344, "18,8": 0.17028835102059353, "18,16": 0.2132448990351676, "18,32": 0.22614345113419868, "18,64": 0.17811661367987838, "18,128": 0.19828225298041027, "19,8": 0.17644740798170877, "19,16": 0.16976089948241507, "19,32": 0.2087598793142302, "19,64": 0.13703691308361218, "19,128": 0.2178867573500861, "20,8": 0.11231397585591926, "20,16": 0.15719790724200547, "20,32": 0.2127124139697498, "20,64": 0.24083959310198255, "20,128": 0.18139061791188074, "21,8": 0.18107973603776067, "21,16": 0.2036542110084861, "21,32": 0.20039714777627057, "21,64": 0.1738856240642519, "21,128": 0.18449593271644166, "22,8": 0.14965456261648358, "22,16": 0.18058988980299032, "22,32": 0.11542680038574454, "22,64": 0.16503383852130196, "22,128": 0.12745518452402493, "23,8": 0.19730663149664485, "23,16": 0.13004859951169845, "23,32": 0.14058791710234034, "23,64": 0.14040412277816994, "23,128": 0.14481330769157014}