{"0,0.5": 0.3557978725596008, "0,1.0": 0.18029215830291515, "0,1.5": 0.11923995491791417, "0,2.0": 0.10353055017159195, "0,2.5": 0.10297766343022069, "0,3.0": 0.10722576447853732, "1,0.5": 0.3709883274275711, "1,1.0": 0.3124050050359089, "1,1.5": 0.16037154648405286, "1,2.0": 0.14244163860692, "1,2.5": 0.10073837627781547, "1,3.0": 0.08592932804504874, "2,0.5": 0.37421911240770833, "2,1.0": 0.3483180705412197, "2,1.5": 0.2793345137698016, "2,2.0": 0.18839556945684807, "2,2.5": 0.11456669407367828, "2,3.0": 0.0743541802440038, "3,0.5": 0.38108024420765263, "3,1.0": 0.33563177028397, "3,1.5": 0.3151112293920968, "3,2.0": 0.1253916178268544, "3,2.5": 0.107233242376292, "3,3.0": 0.10583776776753953, "4,0.5": 0.36375125927536706, "4,1.0": 0.3207809611641972, "4,1.5": 0.29874648582211727, "4,2.0": 0.1406150391104225, "4,2.5": 0.13289753653145708, "4,3.0": 0.08901989587474528, "5,0.5": 0.3617956995166718, "5,1.0": 0.3556398035328263, "5,1.5": 0.29686859148513844, "5,2.0": 0.27079799795778325, "5,2.5": 0.11748158136401304, "5,3.0": 0.09540693508493196, "6,0.5": 0.3656571847748175, "6,1.0": 0.3423815718873184, "6,1.5": 0.3448139086316375, "6,2.0": 0.22308775796107122, "6,2.5": 0.12360174361948911, "6,3.0": 0.07774867879577387, "7,0.5": 0.35536314761392807, "7,1.0": 0.377276200188768, "7,1.5": 0.32769859688881975, "7,2.0": 0.35397350920362614, "7,2.5": 0.30604158535948683, "7,3.0": 0.18523716978719537, "8,0.5": 0.3872256673444529, "8,1.0": 0.3484265262197468, "8,1.5": 0.301925817752873, "8,2.0": 0.26809168600260286, "8,2.5": 0.167753656282021, "8,3.0": 0.12182875109150612, "9,0.5": 0.37617694768489873, "9,1.0": 0.3690329804630562, "9,1.5": 0.33094236739914057, "9,2.0": 0.277495978081976, "9,2.5": 0.151720505473237, "9,3.0": 0.09696276352734268, "10,0.5": 0.35458902260928177, "10,1.0": 0.3737555511134832, "10,1.5": 0.3370497911312411, "10,2.0": 0.23511681082330155, "10,2.5": 0.08621988736718197, "10,3.0": 0.08764001423957765, "11,0.5": 0.3794339895600305, "11,1.0": 0.3682166633761242, "11,1.5": 0.33247366664715855, "11,2.0": 0.2837173320847077, "11,2.5": 0.22371906923711604, "11,3.0": 0.16374996345132367, "12,0.5": 0.36732278440687716, "12,1.0": 0.3490611427458439, "12,1.5": 0.283008529977661, "12,2.0": 0.24467628504286487, "12,2.5": 0.21320919425766116, "12,3.0": 0.20319700992351236, "13,0.5": 0.3684334541259602, "13,1.0": 0.3362566364517531, "13,1.5": 0.2707160660557341, "13,2.0": 0.18165903168747674, "13,2.5": 0.1910809241415933, "13,3.0": 0.14227041765375859, "14,0.5": 0.39318554968297653, "14,1.0": 0.32726290681103176, "14,1.5": 0.2590622995278366, "14,2.0": 0.24731869729193207, "14,2.5": 0.1879417437795632, "14,3.0": 0.16277777315831574, "15,0.5": 0.36956386231721033, "15,1.0": 0.3408110855278493, "15,1.5": 0.29060825224330783, "15,2.0": 0.22817738608979943, "15,2.5": 0.1979677680517744, "15,3.0": 0.14572580859266376, "16,0.5": 0.3754515061998609, "16,1.0": 0.3681953794457972, "16,1.5": 0.32413003242920396, "16,2.0": 0.2736316576905697, "16,2.5": 0.17577219006672087, "16,3.0": 0.1523872408929881, "17,0.5": 0.34367584976233223, "17,1.0": 0.3201895215350973, "17,1.5": 0.2894123301138254, "17,2.0": 0.28853993050924837, "17,2.5": 0.24682738982007402, "17,3.0": 0.19748999065098613, "18,0.5": 0.3396812900172098, "18,1.0": 0.3307510504534703, "18,1.5": 0.2971350417029912, "18,2.0": 0.24566188960286356, "18,2.5": 0.23895509628204678, "18,3.0": 0.18221410222794326, "19,0.5": 0.34166362765878555, "19,1.0": 0.3287296155491513, "19,1.5": 0.29190833059261606, "19,2.0": 0.25816743401731856, "19,2.5": 0.1828293723679853, "19,3.0": 0.1494674630953682, "20,0.5": 0.34202190542917815, "20,1.0": 0.3318490283488798, "20,1.5": 0.30941190752665076, "20,2.0": 0.3193296047818676, "20,2.5": 0.23698807953312898, "20,3.0": 0.26223481771604445, "21,0.5": 0.3429463132799337, "21,1.0": 0.3029650050855895, "21,1.5": 0.31418402548265184, "21,2.0": 0.31807317256480183, "21,2.5": 0.24723354613602558, "21,3.0": 0.2613016920846785, "22,0.5": 0.3387790467983497, "22,1.0": 0.33684893587164516, "22,1.5": 0.32688267167428614, "22,2.0": 0.26236980474082133, "22,2.5": 0.24066138902514903, "22,3.0": 0.25162298195197574, "23,0.5": 0.3375695210892644, "23,1.0": 0.3299669637280148, "23,1.5": 0.3386234902775028, "23,2.0": 0.2813082599999339, "23,2.5": 0.22874220673278028, "23,3.0": 0.2611733969192764, "24,0.5": 0.3606221855865126, "24,1.0": 0.34193931679782447, "24,1.5": 0.33420285690227897, "24,2.0": 0.3221986031532993, "24,2.5": 0.29758200492696957, "24,3.0": 0.30289941865155245, "25,0.5": 0.3470045750551914, "25,1.0": 0.3442599446219706, "25,1.5": 0.34709746985344103, "25,2.0": 0.34962803758907246, "25,2.5": 0.2929168413856711, "25,3.0": 0.29588283408876137, "26,0.5": 0.3386279290064646, "26,1.0": 0.3370808888013422, "26,1.5": 0.3646565793729298, "26,2.0": 0.3612596571257705, "26,2.5": 0.32991121933706247, "26,3.0": 0.34961086724301116, "27,0.5": 0.3618041794177896, "27,1.0": 0.3795298483676275, "27,1.5": 0.3665303209481592, "27,2.0": 0.404430219235963, "27,2.5": 0.3931959272137967, "27,3.0": 0.35815214708462184, "28,0.5": 0.3797872092468495, "28,1.0": 0.38184866778900295, "28,1.5": 0.3833694589226081, "28,2.0": 0.36542573413645857, "28,2.5": 0.39471060020099547, "28,3.0": 0.31630392334202984, "29,0.5": 0.34778425475957037, "29,1.0": 0.3513986299283863, "29,1.5": 0.37089216372390177, "29,2.0": 0.35170745174282125, "29,2.5": 0.36667208061550904, "29,3.0": 0.3548794120411035, "30,0.5": 0.3780510283438833, "30,1.0": 0.38166277676452265, "30,1.5": 0.35986654936916235, "30,2.0": 0.3442923093503648, "30,2.5": 0.3474029137031114, "30,3.0": 0.37125139605325264, "31,0.5": 0.3546933798260045, "31,1.0": 0.36443722145483404, "31,1.5": 0.3589803290304914, "31,2.0": 0.349258570797237, "31,2.5": 0.32761731377669356, "31,3.0": 0.33305803491781655, "32,0.5": 0.3677030568788389, "32,1.0": 0.35892583506483355, "32,1.5": 0.3427640456758672, "32,2.0": 0.33828061938519377, "32,2.5": 0.3617393081829326, "32,3.0": 0.34846103366356335, "33,0.5": 0.3662115984590123, "33,1.0": 0.3591883668769163, "33,1.5": 0.36251606026486183, "33,2.0": 0.32765684689375507, "33,2.5": 0.3464389183217153, "33,3.0": 0.3466109298949392, "34,0.5": 0.3746228230462939, "34,1.0": 0.35946464242963794, "34,1.5": 0.35386115552994113, "34,2.0": 0.3330573665688021, "34,2.5": 0.3588183152811395, "34,3.0": 0.3404038984236021, "35,0.5": 0.3719917832460168, "35,1.0": 0.366435760964096, "35,1.5": 0.3756209086190698, "35,2.0": 0.3307964938646474, "35,2.5": 0.3539728920432403, "35,3.0": 0.36819442570879385, "36,0.5": 0.3524975516778976, "36,1.0": 0.3843031238937151, "36,1.5": 0.37858365652581943, "36,2.0": 0.3608686432414142, "36,2.5": 0.37284016164482675, "36,3.0": 0.364323039088691, "37,0.5": 0.36320034773790694, "37,1.0": 0.36375294253979373, "37,1.5": 0.3509386558885126, "37,2.0": 0.35468443445327824, "37,2.5": 0.33694438427259293, "37,3.0": 0.34774470543721314, "38,0.5": 0.38873876482174863, "38,1.0": 0.3648259603412468, "38,1.5": 0.37346938365005117, "38,2.0": 0.3670406592257367, "38,2.5": 0.3406733916555997, "38,3.0": 0.3523535137851017, "39,0.5": 0.3673352769852023, "39,1.0": 0.3464181998819824, "39,1.5": 0.3786197613539583, "39,2.0": 0.3722924095759559, "39,2.5": 0.3598187415757667, "39,3.0": 0.33715772704831254, "40,0.5": 0.36727138263600645, "40,1.0": 0.3655842394263684, "40,1.5": 0.3458633708472394, "40,2.0": 0.37167216275622816, "40,2.5": 0.3711429031253078, "40,3.0": 0.34542612217228935, "41,0.5": 0.3640767164336593, "41,1.0": 0.3768239811271182, "41,1.5": 0.3350815294877194, "41,2.0": 0.35383074656143365, "41,2.5": 0.3509311138278232, "41,3.0": 0.3346003696275957, "42,0.5": 0.3629291415404226, "42,1.0": 0.3279272897272678, "42,1.5": 0.3557822332259266, "42,2.0": 0.3755107439480378, "42,2.5": 0.341841752939096, "42,3.0": 0.34568757546204026, "43,0.5": 0.3564400399151712, "43,1.0": 0.37093412252696395, "43,1.5": 0.36105628052635325, "43,2.0": 0.35345544082727814, "43,2.5": 0.35624289690775934, "43,3.0": 0.32882264889020324,