{"0,0.5": 0.2540071161653177, "0,1.0": 0.17637843337493708, "0,1.5": 0.16629825032193046, "0,2.0": 0.143938192688029, "0,2.5": 0.14789032297021776, "0,3.0": 0.1465422240909868, "1,0.5": 0.2452673652628968, "1,1.0": 0.22291176149801384, "1,1.5": 0.1326276521846071, "1,2.0": 0.09583111002586293, "1,2.5": 0.0994911340959262, "1,3.0": 0.1017274945148309, "2,0.5": 0.2681176195308165, "2,1.0": 0.2350109834160934, "2,1.5": 0.26208327797808423, "2,2.0": 0.2673768603003939, "2,2.5": 0.26996044648631945, "2,3.0": 0.25685772839023907, "3,0.5": 0.2670205921799862, "3,1.0": 0.2677035570525416, "3,1.5": 0.2595841995818095, "3,2.0": 0.26237931768120354, "3,2.5": 0.2604084182801664, "3,3.0": 0.22580524063173535, "4,0.5": 0.2936081547249661, "4,1.0": 0.27344891214425726, "4,1.5": 0.28620659622940275, "4,2.0": 0.27733897391292206, "4,2.5": 0.24969009095367248, "4,3.0": 0.21224542615686076, "5,0.5": 0.25325023860408225, "5,1.0": 0.24122356070420622, "5,1.5": 0.21409019702725546, "5,2.0": 0.20611250258156133, "5,2.5": 0.18883841797934411, "5,3.0": 0.1799204367412403, "6,0.5": 0.2710074160699895, "6,1.0": 0.2842970740983425, "6,1.5": 0.23188682842129044, "6,2.0": 0.21069832411710937, "6,2.5": 0.2020589756460772, "6,3.0": 0.18683969300669315, "7,0.5": 0.2721892143462281, "7,1.0": 0.2533598343127506, "7,1.5": 0.23436783664271615, "7,2.0": 0.19062357350496928, "7,2.5": 0.196453359165899, "7,3.0": 0.13470305919805828, "8,0.5": 0.2711929600393297, "8,1.0": 0.26978631071116366, "8,1.5": 0.25541941891344444, "8,2.0": 0.2210073074147651, "8,2.5": 0.1844283858419168, "8,3.0": 0.1801155047364559, "9,0.5": 0.26446393220477693, "9,1.0": 0.26783771646391197, "9,1.5": 0.23272771179818635, "9,2.0": 0.21158938073436262, "9,2.5": 0.18943899741392992, "9,3.0": 0.17215399870317324, "10,0.5": 0.2609236144274546, "10,1.0": 0.23269042043286564, "10,1.5": 0.22921339247242875, "10,2.0": 0.17774618798421646, "10,2.5": 0.14070116779535655, "10,3.0": 0.12280578522857671, "11,0.5": 0.2498912303925598, "11,1.0": 0.24360289584189962, "11,1.5": 0.20459226695442442, "11,2.0": 0.16408763630566559, "11,2.5": 0.1451079762959631, "11,3.0": 0.14776337287206476}