{"0,0.5": 0.16483073293312905, "0,1.0": 0.20031419832143002, "0,1.5": 0.1707867942777555, "0,2.0": 0.28847052486196645, "0,2.5": 0.16268047596694432, "0,3.0": 0.15637577406710665, "1,0.5": 0.22338582536579596, "1,1.0": 0.13678672803352585, "1,1.5": 0.18413913736469661, "1,2.0": 0.15810482050575142, "1,2.5": 0.13966072705412735, "1,3.0": 0.17566605628724222, "2,0.5": 0.138557182019776, "2,1.0": 0.19800872958673352, "2,1.5": 0.13718867583638217, "2,2.0": 0.1587778762083985, "2,2.5": 0.1933348600123114, "2,3.0": 0.17064598182011018, "3,0.5": 0.17279164562792854, "3,1.0": 0.16981196840752502, "3,1.5": 0.22286626915424257, "3,2.0": 0.1683588966305829, "3,2.5": 0.1815577916995389, "3,3.0": 0.18346978345650994, "4,0.5": 0.22422770511538406, "4,1.0": 0.1859023062098667, "4,1.5": 0.15196345365799, "4,2.0": 0.12746635063751988, "4,2.5": 0.1693471324169396, "4,3.0": 0.21486239411637248, "5,0.5": 0.1838321239376846, "5,1.0": 0.14975264175415842, "5,1.5": 0.14205908273845463, "5,2.0": 0.16622266683543427, "5,2.5": 0.17599379959965133, "5,3.0": 0.1431854707039679, "6,0.5": 0.11757622858186537, "6,1.0": 0.170354682770811, "6,1.5": 0.1573047399316576, "6,2.0": 0.17572885181107625, "6,2.5": 0.1756137783269677, "6,3.0": 0.20208225627375828, "7,0.5": 0.1366930181198289, "7,1.0": 0.17334499076910706, "7,1.5": 0.17030041311314742, "7,2.0": 0.14823686543106043, "7,2.5": 0.14202137731400255, "7,3.0": 0.20072563589971082, "8,0.5": 0.14582797295062, "8,1.0": 0.14728732837489694, "8,1.5": 0.1609193195663136, "8,2.0": 0.18389368108983223, "8,2.5": 0.12911955834103853, "8,3.0": 0.17036082602061997, "9,0.5": 0.1751237589154674, "9,1.0": 0.19730899684918465, "9,1.5": 0.16415045882026233, "9,2.0": 0.1599794472968526, "9,2.5": 0.15559163392212702, "9,3.0": 0.12568457990096596, "10,0.5": 0.14919811237065772, "10,1.0": 0.15279591203716858, "10,1.5": 0.149850327270042, "10,2.0": 0.13241091206832586, "10,2.5": 0.1577411973580976, "10,3.0": 0.17078038723048006, "11,0.5": 0.15267067964678083, "11,1.0": 0.14619608920894306, "11,1.5": 0.15351367337596852, "11,2.0": 0.16278488520029397, "11,2.5": 0.18664668192181474, "11,3.0": 0.19773948144682277}