{"0,0.5": 0.00887337965181806, "0,1.0": -0.012624195498749997, "0,1.5": -0.01879237006813238, "0,2.0": -0.024469933911307487, "0,2.5": -0.024071669651015447, "0,3.0": -0.01579006802672468, "1,0.5": -0.023801959580726267, "1,1.0": 0.006185934264200309, "1,1.5": 0.002499707538772924, "1,2.0": -0.01846475471534052, "1,2.5": -0.018115107763885113, "1,3.0": -0.010206981200501362, "2,0.5": 0.013818501253265402, "2,1.0": 0.02116128479779729, "2,1.5": -0.00449530914085418, "2,2.0": 0.0033328704791305303, "2,2.5": 0.002881779721404708, "2,3.0": 0.0042648449817048436, "3,0.5": -0.0037831651689039327, "3,1.0": 0.006847132524477777, "3,1.5": 0.00972395226930105, "3,2.0": 0.0023974100391480953, "3,2.5": 0.03171187118588793, "3,3.0": 0.02957802323036858, "4,0.5": 0.02877898296281443, "4,1.0": 0.0180268239389267, "4,1.5": 0.011032566723975186, "4,2.0": 0.009231799572187054, "4,2.5": 0.019653431861159285, "4,3.0": 0.01620928197139631, "5,0.5": 0.009261480882812475, "5,1.0": 0.009462208724691537, "5,1.5": -0.005128660501201697, "5,2.0": 0.030756562228905666, "5,2.5": -0.0015866206142615073, "5,3.0": 0.001704177906850653, "6,0.5": -0.0012878999267433601, "6,1.0": 0.010557016754602962, "6,1.5": 0.008583949642336648, "6,2.0": 0.02742822631535591, "6,2.5": 0.029209995972664257, "6,3.0": -0.003404212850695837, "7,0.5": -0.004998937065633459, "7,1.0": 0.031194543635616363, "7,1.5": 0.041654764013823606, "7,2.0": 0.004446516610691197, "7,2.5": 0.011851331114258042, "7,3.0": -0.0031787659162752437, "8,0.5": 0.012785021058849582, "8,1.0": 0.014045195865957517, "8,1.5": 0.0060631831330842005, "8,2.0": 0.01580878563030711, "8,2.5": 0.02771345946261307, "8,3.0": 0.003613781803365067, "9,0.5": 0.007872071131318912, "9,1.0": 0.018084256676807964, "9,1.5": 0.003493288821403555, "9,2.0": 0.015204924514740596, "9,2.5": 0.01429133091006111, "9,3.0": 0.01176378905924077, "10,0.5": 0.014290575661767755, "10,1.0": 0.021233044296672922, "10,1.5": 0.049874037617845285, "10,2.0": 0.042310398150044164, "10,2.5": 0.027525739349518893, "10,3.0": 0.0067635628941768045, "11,0.5": 0.010024017581736282, "11,1.0": 0.024285515604348846, "11,1.5": 0.011362952288711044, "11,2.0": 0.0019169431508169828, "11,2.5": 0.0017182555933407827, "11,3.0": 0.0010338987791498138, "12,0.5": 0.015245702867261512, "12,1.0": 0.013949367401270908, "12,1.5": 0.021238940863890835, "12,2.0": 0.018802057193504338, "12,2.5": 0.020118293646804907, "12,3.0": -0.00647089353452774, "13,0.5": 0.009883293322740003, "13,1.0": 0.011694928672064347, "13,1.5": 0.012530508071816621, "13,2.0": 0.017014793390265695, "13,2.5": 0.005256722988910832, "13,3.0": 0.027548010525760287, "14,0.5": 0.032794386465091176, "14,1.0": 0.011289196204146354, "14,1.5": 0.025339751144581465, "14,2.0": 0.00900687557401698, "14,2.5": 0.015622784751724433, "14,3.0": 0.004962443306211176, "15,0.5": 0.016438433016161776, "15,1.0": 0.02512456778475278, "15,1.5": 0.01033904287132313, "15,2.0": 0.011644685770487632, "15,2.5": 0.011798895615153267, "15,3.0": 0.008419020899942327, "16,0.5": -0.0025229843867959406, "16,1.0": 0.027394801233168002, "16,1.5": 0.016934178634473707, "16,2.0": 0.021361460776288334, "16,2.5": 0.005319128972484544, "16,3.0": 0.023403963077699815, "17,0.5": 0.0013112272181752165, "17,1.0": 0.004985957882598222, "17,1.5": 0.0025010690961912115, "17,2.0": 0.026909712621522402, "17,2.5": 0.0014285682536895447, "17,3.0": 0.01155271798874519, "18,0.5": 0.005683496063113947, "18,1.0": -0.005156724886154672, "18,1.5": 0.031725532920708954, "18,2.0": 0.04367605091473913, "18,2.5": 0.03781452529972807, "18,3.0": -0.0009545982307146393, "19,0.5": 0.023405119878129432, "19,1.0": 0.0040902031427710135, "19,1.5": -0.0064742073423247086, "19,2.0": -0.02114426724471437, "19,2.5": -0.0027791496354641204, "19,3.0": -0.018780372112460093, "20,0.5": 0.017088252925090464, "20,1.0": 0.0008420520860267129, "20,1.5": 0.020411824017585643, "20,2.0": 0.03843426693560743, "20,2.5": 0.011035216222429525, "20,3.0": 0.03826720193230328, "21,0.5": 0.00950536259168888, "21,1.0": 0.016145383198646137, "21,1.5": 0.002139393870834926, "21,2.0": 0.0032423877341779764, "21,2.5": 0.0003583379998824001, "21,3.0": 0.0009750836739453864, "22,0.5": -0.005559875003778674, "22,1.0": 0.010161214282743435, "22,1.5": 0.003389168859608206, "22,2.0": -0.0016935766438492539, "22,2.5": 0.004512251648723039, "22,3.0": 0.004923804635297801, "23,0.5": -0.024707685595440742, "23,1.0": 0.008918495189731842, "23,1.5": -0.01499879763339628, "23,2.0": 0.0006961454505069497, "23,2.5": 0.007268466426698376, "23,3.0": -0.01723432170403722, "24,0.5": 0.00735784121294644, "24,1.0": 0.008454953294378967, "24,1.5": -0.01898084298601707, "24,2.0": 0.016451237975356334, "24,2.5": -0.00257878522560272, "24,3.0": 0.004142732131668047, "25,0.5": -0.009015554331731642, "25,1.0": -0.0184914212383476, "25,1.5": 0.017195467858747378, "25,2.0": -0.0136884257716111, "25,2.5": 0.0040549918142637606, "25,3.0": -0.0348346378349944, "26,0.5": -0.0035613814586503718, "26,1.0": 0.009238141389825661, "26,1.5": 0.013755392551774777, "26,2.0": 0.024651517441425044, "26,2.5": 0.02397369149223323, "26,3.0": 0.024511146414011285, "27,0.5": 0.0012031808600559235, "27,1.0": 0.010170821320461654, "27,1.5": 0.006025565072850956, "27,2.0": 0.014323789632480714, "27,2.5": 0.015000359155576654, "27,3.0": 0.033341975704300586, "28,0.5": 0.011388925840470788, "28,1.0": -0.022430403421311473, "28,1.5": 0.015391358199183306, "28,2.0": 0.007756157851564146, "28,2.5": 0.02941043666459365, "28,3.0": 0.006840636508565128, "29,0.5": -0.0037286838884717215, "29,1.0": -0.011180343158660889, "29,1.5": -0.003912365295040052, "29,2.0": 0.0011892282472090185, "29,2.5": 0.018329412022740344, "29,3.0": 0.004608963868024343, "30,0.5": -0.022691054571383, "30,1.0": 0.015540563835085196, "30,1.5": 0.0068584926266777, "30,2.0": -0.0053077115901090715, "30,2.5": 0.012184761700378466, "30,3.0": 0.010373754190646574, "31,0.5": -0.0053599638193207524, "31,1.0": 0.0241176704873551, "31,1.5": 0.014606919215485008, "31,2.0": 0.009030134246896197, "31,2.5": 0.024181051531602785, "31,3.0": 0.001197829254062103, "32,0.5": -0.002053294070254457, "32,1.0": 0.004228989766853677, "32,1.5": 0.0035216801624626745, "32,2.0": 0.013575707131815612, "32,2.5": 0.006033625562041232, "32,3.0": 0.010671414138380683, "33,0.5": -0.02727236257995759, "33,1.0": 0.010494819198736613, "33,1.5": 0.0034091225752657097, "33,2.0": -0.003461602851809067, "33,2.5": 0.015612628886291752, "33,3.0": 0.04676001405397187, "34,0.5": -0.00958790687061094, "34,1.0": -0.014831492988906137, "34,1.5": 0.010170449862529955, "34,2.0": -0.029104003950380115, "34,2.5": 0.0066671716899979055, "34,3.0": -0.00395665919266537, "35,0.5": 0.0072894822504663455, "35,1.0": 0.0016501903460298163, "35,1.5": 0.0030805966289824205, "35,2.0": 0.03920810669944744, "35,2.5": 0.021172993868040606, "35,3.0": 0.021520756095115563, "36,0.5": -0.019847668452940406, "36,1.0": 0.015135540178425798, "36,1.5": 0.0024266995343184953, "36,2.0": -0.00042272396325529634, "36,2.5": 0.009358594122792257, "36,3.0": 0.017471762826078187, "37,0.5": 0.005382166387862948, "37,1.0": 0.006864673773032325, "37,1.5": -0.003090793923021486, "37,2.0": 0.007393540834468096, "37,2.5": 0.003874378627918502, "37,3.0": 0.037332208791970856, "38,0.5": 0.0023515818539434907, "38,1.0": 0.008239032937924483, "38,1.5": 0.012232919398848463, "38,2.0": 0.02332008665026369, "38,2.5": -0.004048730163030985, "38,3.0": -0.01814892072860533, "39,0.5": -0.0031617934720190944, "39,1.0": 0.004243173867999483, "39,1.5": 0.004993972484605583, "39,2.0": 0.0009107331643999982, "39,2.5": 0.02517723379170435, "39,3.0": 0.005049587279635825, "40,0.5": -0.009987372440900349, "40,1.0": -0.013563798881420326, "40,1.5": 0.01850531833823717, "40,2.0": -0.00062753822091058, "40,2.5": 0.02130580283173024, "40,3.0": -0.008425880386924399, "41,0.5": 0.0024781526225287303, "41,1.0": -0.0032225277865456066, "41,1.5": 0.00553618122006014, "41,2.0": 0.006676128964119819,