{"0,0.5": 0.265511347546798, "0,1.0": 0.1715852281432461, "0,1.5": 0.1176590371973591, "0,2.0": 0.09314188928142565, "0,2.5": 0.09366100016265896, "0,3.0": 0.09606864865887871, "1,0.5": 0.3062413188051752, "1,1.0": 0.25231501885116703, "1,1.5": 0.1444967802961824, "1,2.0": 0.12198898259427482, "1,2.5": 0.09163731127113374, "1,3.0": 0.07645546045383518, "2,0.5": 0.2927158173993429, "2,1.0": 0.2628922104993238, "2,1.5": 0.27118007250336323, "2,2.0": 0.1863770168110039, "2,2.5": 0.10837242141182728, "2,3.0": 0.08546375744098986, "3,0.5": 0.30750100303068767, "3,1.0": 0.2538471093144621, "3,1.5": 0.2857713479611016, "3,2.0": 0.15612410220062717, "3,2.5": 0.10226261934556305, "3,3.0": 0.09745881772558924, "4,0.5": 0.26569312145428714, "4,1.0": 0.24775275402424407, "4,1.5": 0.25295487334363426, "4,2.0": 0.17184600749760576, "4,2.5": 0.12861089465192324, "4,3.0": 0.10140640589528219, "5,0.5": 0.2841928322062908, "5,1.0": 0.27759740368982055, "5,1.5": 0.2339697737980142, "5,2.0": 0.25193797674909674, "5,2.5": 0.1463860247091057, "5,3.0": 0.10163757051032402, "6,0.5": 0.28426647254939286, "6,1.0": 0.2705341729399004, "6,1.5": 0.26628306315397954, "6,2.0": 0.18586135085936284, "6,2.5": 0.12370130071801741, "6,3.0": 0.08283080147714042, "7,0.5": 0.2790301330057743, "7,1.0": 0.28227798662640674, "7,1.5": 0.2597167717546438, "7,2.0": 0.30017777569510334, "7,2.5": 0.24152074360102965, "7,3.0": 0.15057862382661372, "8,0.5": 0.29823414088631206, "8,1.0": 0.2647586325082173, "8,1.5": 0.23942484411375908, "8,2.0": 0.19581236491095677, "8,2.5": 0.15058863586225682, "8,3.0": 0.1248904462119461, "9,0.5": 0.27936686791002985, "9,1.0": 0.2949118681075701, "9,1.5": 0.2572936813245641, "9,2.0": 0.2370350679753763, "9,2.5": 0.1515813186924444, "9,3.0": 0.10013199131731053, "10,0.5": 0.28400833977938045, "10,1.0": 0.273433528798644, "10,1.5": 0.24240556788294793, "10,2.0": 0.19201616243591393, "10,2.5": 0.08926086859606129, "10,3.0": 0.0975132070722101, "11,0.5": 0.2842945666998914, "11,1.0": 0.2757554720818859, "11,1.5": 0.2566610172039894, "11,2.0": 0.24683286509801158, "11,2.5": 0.20213142849270108, "11,3.0": 0.14995245362503862, "12,0.5": 0.2784385945065567, "12,1.0": 0.26570745105431826, "12,1.5": 0.22798986696803322, "12,2.0": 0.20116960032673292, "12,2.5": 0.17194214752157297, "12,3.0": 0.15790834952209487, "13,0.5": 0.268214746471725, "13,1.0": 0.2560649411383545, "13,1.5": 0.2181447968798775, "13,2.0": 0.16045286238409406, "13,2.5": 0.15670977268990696, "13,3.0": 0.12350156987761124, "14,0.5": 0.2842189216965666, "14,1.0": 0.25998167561420576, "14,1.5": 0.20701329807688362, "14,2.0": 0.21425904517886804, "14,2.5": 0.17881474050492382, "14,3.0": 0.16764968121866952, "15,0.5": 0.28770958036031186, "15,1.0": 0.2725287064989073, "15,1.5": 0.24819632682914639, "15,2.0": 0.22067526408095986, "15,2.5": 0.2159483781371835, "15,3.0": 0.17817970748671863, "16,0.5": 0.2910844675726321, "16,1.0": 0.2747144151774176, "16,1.5": 0.26001644537584717, "16,2.0": 0.22905421922466015, "16,2.5": 0.20007626520174415, "16,3.0": 0.17140376191189277, "17,0.5": 0.2843267147433472, "17,1.0": 0.2653077665626483, "17,1.5": 0.253879964458093, "17,2.0": 0.23314975541353167, "17,2.5": 0.24088146071000516, "17,3.0": 0.1798115963490291, "18,0.5": 0.2643935526170299, "18,1.0": 0.27687961484694706, "18,1.5": 0.23871770705239692, "18,2.0": 0.18265692938058942, "18,2.5": 0.18149365859399058, "18,3.0": 0.1742835761564247, "19,0.5": 0.2722065723074189, "19,1.0": 0.2703922265899201, "19,1.5": 0.24158877534233258, "19,2.0": 0.22476332491967785, "19,2.5": 0.16629764662304913, "19,3.0": 0.15832263044895034, "20,0.5": 0.2876722655832616, "20,1.0": 0.2713192407596954, "20,1.5": 0.2550862535866364, "20,2.0": 0.2566925643502529, "20,2.5": 0.20373192928718417, "20,3.0": 0.2229090912236099, "21,0.5": 0.2662225643361013, "21,1.0": 0.2507342367042265, "21,1.5": 0.24611058862233406, "21,2.0": 0.25063799423077276, "21,2.5": 0.21814149881685096, "21,3.0": 0.2173780162677693, "22,0.5": 0.27776885345176267, "22,1.0": 0.2767125066850638, "22,1.5": 0.25957574914589215, "22,2.0": 0.20719889527238322, "22,2.5": 0.20243938175268797, "22,3.0": 0.19515275072192434, "23,0.5": 0.28807325050467614, "23,1.0": 0.2701132617612749, "23,1.5": 0.2725230554041364, "23,2.0": 0.23354460763530271, "23,2.5": 0.20183128061262448, "23,3.0": 0.23417963291746138, "24,0.5": 0.27547460695024095, "24,1.0": 0.26499374169934314, "24,1.5": 0.27172815310028364, "24,2.0": 0.254169888497106, "24,2.5": 0.24765744157529085, "24,3.0": 0.27123545813489613, "25,0.5": 0.262076880856729, "25,1.0": 0.27224755673791523, "25,1.5": 0.26827751927178867, "25,2.0": 0.27632526289946413, "25,2.5": 0.24119572327692207, "25,3.0": 0.25968302816506794, "26,0.5": 0.2722888345023982, "26,1.0": 0.2630172659208967, "26,1.5": 0.28057973572003786, "26,2.0": 0.2618036797342754, "26,2.5": 0.260719271144901, "26,3.0": 0.2892268149635281, "27,0.5": 0.29661105232441926, "27,1.0": 0.28544383219940467, "27,1.5": 0.2796391275882719, "27,2.0": 0.30796679086406004, "27,2.5": 0.3119898755752781, "27,3.0": 0.2609014212350502, "28,0.5": 0.2844184475757427, "28,1.0": 0.30811128847715097, "28,1.5": 0.2769776137743709, "28,2.0": 0.26132755279524233, "28,2.5": 0.2930629496434557, "28,3.0": 0.25645455291905983, "29,0.5": 0.274802503171706, "29,1.0": 0.285503021926655, "29,1.5": 0.2868088422988244, "29,2.0": 0.27658234280806254, "29,2.5": 0.2822882243427386, "29,3.0": 0.3009340669599698, "30,0.5": 0.3012901248183599, "30,1.0": 0.2891185003544174, "30,1.5": 0.2827820668530088, "30,2.0": 0.2732780392136658, "30,2.5": 0.28547129887294714, "30,3.0": 0.28567367234330376, "31,0.5": 0.2874908958487825, "31,1.0": 0.2722995271171317, "31,1.5": 0.27059706574412434, "31,2.0": 0.2653378133097284, "31,2.5": 0.25292949626712474, "31,3.0": 0.2544771734996471, "32,0.5": 0.28096917115633907, "32,1.0": 0.2751173859159608, "32,1.5": 0.28809450677342097, "32,2.0": 0.2637123695494771, "32,2.5": 0.2900628994629393, "32,3.0": 0.27144154837302936, "33,0.5": 0.28889739927856645, "33,1.0": 0.2885637623179571, "33,1.5": 0.30277136387324627, "33,2.0": 0.25788980411660084, "33,2.5": 0.28826385984462655, "33,3.0": 0.25018986024892265, "34,0.5": 0.29744639730205535, "34,1.0": 0.2870407602393619, "34,1.5": 0.2841105092607162, "34,2.0": 0.2687197707746097, "34,2.5": 0.28527004206126466, "34,3.0": 0.2833109903300443, "35,0.5": 0.27816295407460195, "35,1.0": 0.28225059702533195, "35,1.5": 0.29958012625879077, "35,2.0": 0.253327911668438, "35,2.5": 0.2764582033042657, "35,3.0": 0.29303945087620226, "36,0.5": 0.28940128238373036, "36,1.0": 0.2954865853406831, "36,1.5": 0.2926373057080744, "36,2.0": 0.2766062384255824, "36,2.5": 0.29774635748757133, "36,3.0": 0.29120365688464905, "37,0.5": 0.2789836654703786, "37,1.0": 0.2785623494419484, "37,1.5": 0.29390970906666253, "37,2.0": 0.27013588512439896, "37,2.5": 0.27201777454050274, "37,3.0": 0.2622915877385506, "38,0.5": 0.3052009732751874, "38,1.0": 0.2796331505178488, "38,1.5": 0.2959457460237291, "38,2.0": 0.27774645907236045, "38,2.5": 0.26420695121969595, "38,3.0": 0.2777943523754541, "39,0.5": 0.29970375872974286, "39,1.0": 0.28552716004175704, "39,1.5": 0.3062360080168911, "39,2.0": 0.29703356797350977, "39,2.5": 0.27013350328308433, "39,3.0": 0.2832318277934031, "40,0.5": 0.28857082399318607, "40,1.0": 0.2980698028465324, "40,1.5": 0.27899036999345134, "40,2.0": 0.2949497548410772, "40,2.5": 0.28473642174681923, "40,3.0": 0.29067697359127803, "41,0.5": 0.2913411162002706, "41,1.0": 0.3001443435098724, "41,1.5": 0.27865032385643707, "41,2.0": 0.28569414810640825, "41,2.5": 0.276852804169791, "41,3.0": 0.2750152355562248, "42,0.5": 0.28128231775916945, "42,1.0": 0.2776252888127279, "42,1.5": 0.2829630709834331, "42,2.0": 0.3143584444458655, "42,2.5": 0.28929716845574033, "42,3.0": 0.2761964021037058, "43,0.5": 0.28781759600612167, "43,1.0": 0.3021748688510091, "43,1.5": 0.29907784732841247, "43,2.0": 0.2989830747842146, "43,2.5": 0.2950132051987676, "43,3.0": 0.28733837196169354,