{"0,0.5": 0.2572755758392511, "0,1.0": 0.18770004168389362, "0,1.5": 0.13900001295503958, "0,2.0": 0.1339740753197881, "0,2.5": 0.13828484949281186, "0,3.0": 0.13825945835919323, "1,0.5": 0.25466054135707655, "1,1.0": 0.22547658272994336, "1,1.5": 0.13941832049374717, "1,2.0": 0.09174954277574086, "1,2.5": 0.09628899887021901, "1,3.0": 0.09533604380394493, "2,0.5": 0.2703956780020733, "2,1.0": 0.241762989057931, "2,1.5": 0.2722190466886637, "2,2.0": 0.2513076124597279, "2,2.5": 0.25999811916155635, "2,3.0": 0.23921801318041183, "3,0.5": 0.27851954723821787, "3,1.0": 0.3006403968309102, "3,1.5": 0.291695669438204, "3,2.0": 0.25955998418327625, "3,2.5": 0.23974971574544293, "3,3.0": 0.2009322946131692, "4,0.5": 0.29950863289087587, "4,1.0": 0.3000789464703083, "4,1.5": 0.2839337408926249, "4,2.0": 0.25035326043809203, "4,2.5": 0.2132360687276817, "4,3.0": 0.18792215504780913, "5,0.5": 0.2795353195239374, "5,1.0": 0.26523137185053475, "5,1.5": 0.2326165011768021, "5,2.0": 0.21442474621072438, "5,2.5": 0.2022847673155416, "5,3.0": 0.19332390776808533, "6,0.5": 0.29118615344328014, "6,1.0": 0.2903807611264627, "6,1.5": 0.26076579610566086, "6,2.0": 0.23525526553062825, "6,2.5": 0.21519355635331866, "6,3.0": 0.20953038675034, "7,0.5": 0.27564190369816793, "7,1.0": 0.26403240573325104, "7,1.5": 0.2511541374561179, "7,2.0": 0.22126678945657208, "7,2.5": 0.2237126561445998, "7,3.0": 0.1631434021676213, "8,0.5": 0.26610536955019914, "8,1.0": 0.26508744800256534, "8,1.5": 0.26983415115442383, "8,2.0": 0.24226767810271432, "8,2.5": 0.22802031514533663, "8,3.0": 0.20517661040065643, "9,0.5": 0.2464751077296887, "9,1.0": 0.2597903541532542, "9,1.5": 0.22592315957412312, "9,2.0": 0.21870307087089602, "9,2.5": 0.18801992394677255, "9,3.0": 0.17633053354195505, "10,0.5": 0.25281369661855874, "10,1.0": 0.22520212973319811, "10,1.5": 0.22333998502136027, "10,2.0": 0.1834682327821285, "10,2.5": 0.1475938870316229, "10,3.0": 0.12422564585014248, "11,0.5": 0.22766535251592496, "11,1.0": 0.22533299606974616, "11,1.5": 0.1998525457159249, "11,2.0": 0.15024535134155087, "11,2.5": 0.15028382659687858, "11,3.0": 0.12444882164749453}