{"0,8": -0.00534409817006357, "0,16": -0.0398204511616627, "0,32": 0.007830482296840616, "0,64": 0.012712506120314784, "0,128": 0.006532744348491956, "1,8": -0.010691459160331533, "1,16": 0.010988052230516417, "1,32": 0.001024149376909847, "1,64": 0.013474685619971925, "1,128": 0.011577925968899044, "2,8": 0.030364366564181636, "2,16": 0.00622822963507407, "2,32": -0.009578302752403504, "2,64": 0.006530157620359677, "2,128": -0.015055463221618944, "3,8": 0.024274077307285553, "3,16": -0.00908215238512113, "3,32": 0.0005034876930158841, "3,64": -0.0020547453787551333, "3,128": -0.014415531432520449, "4,8": 0.024041512509586988, "4,16": 0.007017447375144681, "4,32": -0.0018517533724077585, "4,64": 0.016985831295711053, "4,128": 0.00405300893942422, "5,8": 0.0093108522980572, "5,16": 0.014108502964998305, "5,32": 0.025438166319793155, "5,64": 0.02337995553081723, "5,128": 0.03022401951246238, "6,8": -0.018804761825512842, "6,16": -0.007047345568645937, "6,32": -0.006432953031595324, "6,64": -0.015180598821879637, "6,128": -0.0016326098105634626, "7,8": 0.002725963025118907, "7,16": 0.029147338600943335, "7,32": 0.038156914723760954, "7,64": 0.04108689775969792, "7,128": 0.046506132033972546, "8,8": -0.03665908981591112, "8,16": 0.0333027882190635, "8,32": 0.045620915996991314, "8,64": 0.014832314465304487, "8,128": 0.029828000330041366, "9,8": 0.0006394153434886268, "9,16": 0.03550372209311328, "9,32": 0.0392357240018454, "9,64": 0.032289121656773286, "9,128": 0.049874888608816656, "10,8": 0.00796346927973731, "10,16": 0.024394627762770224, "10,32": 0.01037198457360706, "10,64": 0.017637694424451046, "10,128": 0.03167465427516497, "11,8": 0.004867849205189738, "11,16": 0.027357385176793224, "11,32": 0.002924241388363758, "11,64": -0.0189591610194465, "11,128": -0.023621942668612787, "12,8": 0.013384384502675626, "12,16": 0.006577748575715277, "12,32": 0.008810298627612385, "12,64": 0.00151778603771943, "12,128": -0.007105100956967593, "13,8": 0.02944726738848641, "13,16": 0.004554652535103563, "13,32": 0.019882491289835703, "13,64": 0.022826918174505956, "13,128": 0.01389023344989004, "14,8": 0.02445242675474578, "14,16": -0.006894082352187538, "14,32": 0.006875150540958981, "14,64": 0.02035660802132559, "14,128": 0.010882850208777892, "15,8": 0.021197892704377445, "15,16": 0.001239201902290145, "15,32": 0.016995232270117552, "15,64": 0.005677278457818916, "15,128": 0.026968090585743638, "16,8": 0.009183531155015872, "16,16": 0.009005114232811728, "16,32": 0.028039838857835793, "16,64": 0.03471508376170858, "16,128": 0.00853149620199454, "17,8": 0.014856608449218224, "17,16": 0.03672937151692325, "17,32": 0.02514949444969225, "17,64": 0.01040543833591268, "17,128": 0.04044647769567731, "18,8": 0.024767391604255576, "18,16": 0.015038851617585558, "18,32": 0.0453301938863377, "18,64": 0.05680104815905315, "18,128": 0.04513323990457488, "19,8": 0.005509134024867407, "19,16": 0.011505552098224632, "19,32": 0.007682606584183623, "19,64": 0.023376058866665966, "19,128": 0.026423672144417414, "20,8": 0.019684300263944934, "20,16": 0.004670829426370706, "20,32": 0.036195135364124977, "20,64": 0.05448975021924166, "20,128": 0.021933462134688893, "21,8": 0.0359795700496156, "21,16": 0.005742475540697633, "21,32": 0.029065899336821528, "21,64": 0.04490173567278674, "21,128": 0.024878517319473673, "22,8": 0.02389553538589353, "22,16": 0.010247106006851374, "22,32": 0.03917711269313365, "22,64": 0.050676366583055625, "22,128": 0.04445891346870508, "23,8": 0.03139272342830576, "23,16": 0.05296570431051342, "23,32": 0.06000772397858012, "23,64": 0.053411892877146, "23,128": 0.0617337898099294}