{"0,0.5": 0.012550676274754721, "0,1.0": 0.03810994594390146, "0,1.5": -0.008247252202898459, "0,2.0": -0.003116555645922413, "0,2.5": 0.0004959466192304361, "0,3.0": 0.007951810581800249, "1,0.5": 0.024334331325897726, "1,1.0": 0.005911930265885327, "1,1.5": 0.012210670795891177, "1,2.0": -0.018002435900509726, "1,2.5": -0.019235200113451038, "1,3.0": -0.011747014567854479, "2,0.5": 0.01385813364948333, "2,1.0": 0.012554400241453162, "2,1.5": 0.026347896879827096, "2,2.0": 0.004491463629920708, "2,2.5": -0.0015594593508258597, "2,3.0": -0.003976339069768742, "3,0.5": 0.01149798627099694, "3,1.0": 0.06055652737212875, "3,1.5": 0.03871035985851886, "3,2.0": 0.015189811180767177, "3,2.5": -0.004047159893374551, "3,3.0": -0.004054243033347168, "4,0.5": 0.025095530717607627, "4,1.0": 0.04155263553558631, "4,1.5": 0.04480975859681011, "4,2.0": 0.032911167507109956, "4,2.5": 0.0067253342921720916, "4,3.0": 0.011140815384645314, "5,0.5": 0.03462345223503754, "5,1.0": 0.048499222279815075, "5,1.5": 0.042856478040123665, "5,2.0": 0.02905431930600188, "5,2.5": 0.0311416575888585, "5,3.0": 0.036785809469865795, "6,0.5": 0.032804031046293675, "6,1.0": 0.030809980906407256, "6,1.5": 0.044835179742919486, "6,2.0": 0.03962208544994354, "6,2.5": 0.03487851153948662, "6,3.0": 0.04216251739275254, "7,0.5": 0.007917727169396626, "7,1.0": 0.04565073273156519, "7,1.5": 0.030151460489252643, "7,2.0": 0.04224889522422966, "7,2.5": 0.05357498522810065, "7,3.0": 0.060127066286616286, "8,0.5": 0.008375485315039368, "8,1.0": 0.0294544678050299, "8,1.5": 0.0400669647403639, "8,2.0": 0.03212970393065047, "8,2.5": 0.04817617029798265, "8,3.0": 0.03988090528463564, "9,0.5": -0.015717619286576664, "9,1.0": -0.020077416133141398, "9,1.5": -0.01072526277419907, "9,2.0": -0.002474996735244561, "9,2.5": 0.004021132152145682, "9,3.0": 0.01122057840620803, "10,0.5": 0.0013179377731359554, "10,1.0": -0.022935616842354758, "10,1.5": -0.006612040589999387, "10,2.0": 0.0010506950546445867, "10,2.5": 0.020609842235390724, "10,3.0": 0.009950986480839872, "11,0.5": -0.020207388134580846, "11,1.0": 0.002701663560511296, "11,1.5": 0.0243011146342793, "11,2.0": 0.009343397724478543, "11,2.5": -0.0027587519295994723, "11,3.0": -0.026806662014368092}