{"0,0.5": 0.3561900161157034, "0,1.0": 0.17705968152483745, "0,1.5": 0.14117585532988994, "0,2.0": 0.1372428110418487, "0,2.5": 0.128884071635122, "0,3.0": 0.09562466856981894, "1,0.5": 0.3670627128025175, "1,1.0": 0.3423574900901641, "1,1.5": 0.11378684778544626, "1,2.0": 0.08367441142785631, "1,2.5": 0.08954058512845658, "1,3.0": 0.1045035710975725, "2,0.5": 0.36623197934387597, "2,1.0": 0.3355225023147173, "2,1.5": 0.16101859489383788, "2,2.0": 0.09863832321556296, "2,2.5": 0.10893622212219745, "2,3.0": 0.1123220730782497, "3,0.5": 0.35640590081887813, "3,1.0": 0.32478791136362356, "3,1.5": 0.30360856005239295, "3,2.0": 0.09515342518214333, "3,2.5": 0.08623624387939452, "3,3.0": 0.07161838997935505, "4,0.5": 0.3811113426542898, "4,1.0": 0.3437023337117873, "4,1.5": 0.31643851107967375, "4,2.0": 0.1297371757466306, "4,2.5": 0.1380077262877738, "4,3.0": 0.11480113848035746, "5,0.5": 0.34907399065627376, "5,1.0": 0.3487152098177722, "5,1.5": 0.3231191565872342, "5,2.0": 0.22003616073150173, "5,2.5": 0.08797031088067447, "5,3.0": 0.06687811692330516, "6,0.5": 0.3370577427598925, "6,1.0": 0.34587875653485134, "6,1.5": 0.30329339132362876, "6,2.0": 0.2050831137413926, "6,2.5": 0.13625027413418686, "6,3.0": 0.10234716585478384, "7,0.5": 0.3662369197697719, "7,1.0": 0.33037689417578187, "7,1.5": 0.28226263462948376, "7,2.0": 0.17450751477101173, "7,2.5": 0.11851505713404913, "7,3.0": 0.10374444060103147, "8,0.5": 0.3581979321205704, "8,1.0": 0.31809334614400003, "8,1.5": 0.3024801863266035, "8,2.0": 0.24027568895192009, "8,2.5": 0.15968144117839703, "8,3.0": 0.11823089039399531, "9,0.5": 0.327727407466927, "9,1.0": 0.3370130212782654, "9,1.5": 0.3255686087642325, "9,2.0": 0.25455487174482655, "9,2.5": 0.1431517377092544, "9,3.0": 0.12706433665806072, "10,0.5": 0.35343973707657317, "10,1.0": 0.3538637439784078, "10,1.5": 0.31028306605527667, "10,2.0": 0.26595239318283576, "10,2.5": 0.1849282440677798, "10,3.0": 0.11747170442204585, "11,0.5": 0.34254471532953523, "11,1.0": 0.31568378664776314, "11,1.5": 0.30298171113594874, "11,2.0": 0.2608563675653966, "11,2.5": 0.20982379295040066, "11,3.0": 0.11656318383165447, "12,0.5": 0.3430474491916898, "12,1.0": 0.29679365551101755, "12,1.5": 0.3175750003144467, "12,2.0": 0.23513639891765437, "12,2.5": 0.13401362448903514, "12,3.0": 0.1199490062806225, "13,0.5": 0.33897863994310784, "13,1.0": 0.3719330201158167, "13,1.5": 0.3251626996686954, "13,2.0": 0.2828609715789732, "13,2.5": 0.21788188333867298, "13,3.0": 0.14419334412079, "14,0.5": 0.34524696834829105, "14,1.0": 0.3577060303107419, "14,1.5": 0.33625887873615495, "14,2.0": 0.28113469675870056, "14,2.5": 0.19739095363851789, "14,3.0": 0.13599187686414171, "15,0.5": 0.34004416365488555, "15,1.0": 0.3565677818719266, "15,1.5": 0.3337908316770161, "15,2.0": 0.2864103856133237, "15,2.5": 0.2565191076230981, "15,3.0": 0.18840806849983988, "16,0.5": 0.3494774176685034, "16,1.0": 0.3402798209476655, "16,1.5": 0.3238096077356541, "16,2.0": 0.29979832324382105, "16,2.5": 0.2884865029373412, "16,3.0": 0.2266461683305669, "17,0.5": 0.3490869193933006, "17,1.0": 0.36026803720924, "17,1.5": 0.32691008065132926, "17,2.0": 0.3317971276260585, "17,2.5": 0.2625384266021286, "17,3.0": 0.2627319920882034, "18,0.5": 0.33253408613754454, "18,1.0": 0.33595206718064957, "18,1.5": 0.34609178056675277, "18,2.0": 0.2877771864851851, "18,2.5": 0.2941154457320494, "18,3.0": 0.24248933756058966, "19,0.5": 0.3503014129207746, "19,1.0": 0.3801144879356794, "19,1.5": 0.34087229516040674, "19,2.0": 0.3319904661760442, "19,2.5": 0.2943661043676319, "19,3.0": 0.26010353221537635, "20,0.5": 0.32738927587874794, "20,1.0": 0.3300104705740132, "20,1.5": 0.3195535222553725, "20,2.0": 0.30932062466021815, "20,2.5": 0.2644403742785843, "20,3.0": 0.25180439972253604, "21,0.5": 0.3537031963111671, "21,1.0": 0.3273363958383754, "21,1.5": 0.3387327287483741, "21,2.0": 0.3541054316877573, "21,2.5": 0.3333197640997309, "21,3.0": 0.30631966296028357, "22,0.5": 0.35748669995044907, "22,1.0": 0.3651009949436272, "22,1.5": 0.3266672541891643, "22,2.0": 0.34289836910308885, "22,2.5": 0.3174176549691817, "22,3.0": 0.2928929686338266, "23,0.5": 0.3619806646208976, "23,1.0": 0.3754153663161844, "23,1.5": 0.34076395622802313, "23,2.0": 0.33559685955747276, "23,2.5": 0.32139371417765616, "23,3.0": 0.2890454512858543, "24,0.5": 0.3576070635455561, "24,1.0": 0.3568938536668469, "24,1.5": 0.352118635657287, "24,2.0": 0.34149687879974755, "24,2.5": 0.303446968095165, "24,3.0": 0.2958516853751022, "25,0.5": 0.365303161503044, "25,1.0": 0.3766882696338716, "25,1.5": 0.3684530234072612, "25,2.0": 0.35853985825045065, "25,2.5": 0.3712237452742999, "25,3.0": 0.32475866879905574, "26,0.5": 0.3519285552527203, "26,1.0": 0.36720477707213156, "26,1.5": 0.3536295406194128, "26,2.0": 0.354452681741739, "26,2.5": 0.34950836193547463, "26,3.0": 0.34241354087762815, "27,0.5": 0.3636659904781059, "27,1.0": 0.34223061134715765, "27,1.5": 0.32361472853205664, "27,2.0": 0.2982507258904011, "27,2.5": 0.3253056178676833, "27,3.0": 0.29427176249694686, "28,0.5": 0.34587866727883304, "28,1.0": 0.3591479869874671, "28,1.5": 0.3403973898790325, "28,2.0": 0.35729398720677635, "28,2.5": 0.33781664081186075, "28,3.0": 0.3242879914085559, "29,0.5": 0.35669187076092657, "29,1.0": 0.35420303387067176, "29,1.5": 0.35240370692937273, "29,2.0": 0.3189625005048857, "29,2.5": 0.3197146869568809, "29,3.0": 0.31520504817760303, "30,0.5": 0.3603001936524832, "30,1.0": 0.3659231876154705, "30,1.5": 0.35483847233149457, "30,2.0": 0.34757223671912807, "30,2.5": 0.36285316167690335, "30,3.0": 0.3357230274267902, "31,0.5": 0.3717322069331557, "31,1.0": 0.37544736028780323, "31,1.5": 0.36146525655376016, "31,2.0": 0.35389181627273153, "31,2.5": 0.3339031706056715, "31,3.0": 0.3359430944512327, "32,0.5": 0.3582659010699826, "32,1.0": 0.3601484218116182, "32,1.5": 0.3524210033835398, "32,2.0": 0.356580000215433, "32,2.5": 0.34863180489432816, "32,3.0": 0.3508462435207228, "33,0.5": 0.35736862370269923, "33,1.0": 0.333453665917706, "33,1.5": 0.35714907391736483, "33,2.0": 0.3412359188574283, "33,2.5": 0.32526648362135085, "33,3.0": 0.3369483109945331, "34,0.5": 0.3601849490480928, "34,1.0": 0.34815350276414575, "34,1.5": 0.3409313575523026, "34,2.0": 0.353071048849902, "34,2.5": 0.3466826859742149, "34,3.0": 0.34724260194382395, "35,0.5": 0.34808793891158624, "35,1.0": 0.34866086919314493, "35,1.5": 0.3832797322719712, "35,2.0": 0.36918157234292326, "35,2.5": 0.3438296660944795, "35,3.0": 0.31801634923742905, "36,0.5": 0.3451848302080917, "36,1.0": 0.3539646434765566, "36,1.5": 0.3790898750171452, "36,2.0": 0.38801493708264345, "36,2.5": 0.3560334376251405, "36,3.0": 0.31804396063668855, "37,0.5": 0.35833761415186216, "37,1.0": 0.35852777139011954, "37,1.5": 0.341057057817373, "37,2.0": 0.3735936509272067, "37,2.5": 0.36074437827502187, "37,3.0": 0.32523747977200634, "38,0.5": 0.35907491530098534, "38,1.0": 0.34788358954431403, "38,1.5": 0.35037879330083316, "38,2.0": 0.37012722957593663, "38,2.5": 0.35987344722417464, "38,3.0": 0.3210584013648544, "39,0.5": 0.348441828154563, "39,1.0": 0.3460698102255226, "39,1.5": 0.3515173211205339, "39,2.0": 0.35589869709797844, "39,2.5": 0.35162464384481135, "39,3.0": 0.36152507960796476, "40,0.5": 0.37650654404885175, "40,1.0": 0.3701186308416449, "40,1.5": 0.3582747397228277, "40,2.0": 0.35250735477994544, "40,2.5": 0.3499545028227548, "40,3.0": 0.3415229340938677, "41,0.5": 0.3506292716437878, "41,1.0": 0.354807399895766, "41,1.5": 0.3640883665139904, "41,2.0": 0.36300805327145713, "41,2.5": 0.3607431060427835, "41,3.0": 0.3564078966346122, "42,0.5": 0.34812337924098474, "42,1.0": 0.3710550964016278, "42,1.5": 0.35269251535782975, "42,2.0": 0.3558753080786547, "42,2.5": 0.36908368574305916, "42,3.0": 0.3714280410705363, "43,0.5": 0.342893645034555, "43,1.0": 0.3422697905105343, "43,1.5": 0.3739749272338623, "43,2.0": 0.3665152645851537, "43,2.5": 0.3556795708446686, "43,3.0": 0.34563789324817956,