{"0,8": 0.29573513724007267, "0,16": 0.24176793219707374, "0,32": 0.12742209493412118, "0,64": 0.1080486088318504, "0,128": 0.10185103450599799, "1,8": 0.10467472894586415, "1,16": 0.08651855457377629, "1,32": 0.09933835166273482, "1,64": 0.11707688264281997, "1,128": 0.11738567730777019, "2,8": 0.22639647689154752, "2,16": 0.07476800339737104, "2,32": 0.10349811176977504, "2,64": 0.08164602506459094, "2,128": 0.09762780530459497, "3,8": 0.27954247306489893, "3,16": 0.10615242890277046, "3,32": 0.1111517912905769, "3,64": 0.11401410247208821, "3,128": 0.09908035522229812, "4,8": 0.35486058758232336, "4,16": 0.12570663538363436, "4,32": 0.12624595255820176, "4,64": 0.13441897661688978, "4,128": 0.13178887207811524, "5,8": 0.34543372609140943, "5,16": 0.2638212084180685, "5,32": 0.138665657589317, "5,64": 0.14006367340666712, "5,128": 0.15109977743039862, "6,8": 0.3057364085604324, "6,16": 0.3613431482284416, "6,32": 0.16590358117659837, "6,64": 0.11090668334685887, "6,128": 0.11376037007273404, "7,8": 0.3232031366475578, "7,16": 0.3238554668061987, "7,32": 0.22496474944759026, "7,64": 0.1939524185159947, "7,128": 0.17107882108792621, "8,8": 0.2831669840517897, "8,16": 0.31944297591171084, "8,32": 0.250325623892209, "8,64": 0.1921355100415028, "8,128": 0.178295620999605, "9,8": 0.29907522959198235, "9,16": 0.2729432092378492, "9,32": 0.20467961009046115, "9,64": 0.1668016538720337, "9,128": 0.18430712223643597, "10,8": 0.2975256706857736, "10,16": 0.2981860770295462, "10,32": 0.2107219512382143, "10,64": 0.16854019459737107, "10,128": 0.18541245513725552, "11,8": 0.2872622109427925, "11,16": 0.31020880681168694, "11,32": 0.21722720172449098, "11,64": 0.18055404428946986, "11,128": 0.16761202951418286, "12,8": 0.30590337677428375, "12,16": 0.30964839624822826, "12,32": 0.22923765389428696, "12,64": 0.20871899113797177, "12,128": 0.1891048958933026, "13,8": 0.29503361322637706, "13,16": 0.27254536843159843, "13,32": 0.23298430650785068, "13,64": 0.21091335685378104, "13,128": 0.19292463734278562, "14,8": 0.285882341873324, "14,16": 0.23635117536556707, "14,32": 0.217818423097484, "14,64": 0.20272020238180427, "14,128": 0.2096283085440492, "15,8": 0.3191691782988061, "15,16": 0.2668807251250702, "15,32": 0.22523291499509332, "15,64": 0.22392676375973775, "15,128": 0.2309289819857542, "16,8": 0.3050009082556966, "16,16": 0.2912621848024648, "16,32": 0.2412491088414334, "16,64": 0.2383197734786913, "16,128": 0.2340676062188202, "17,8": 0.32753217981292015, "17,16": 0.29843609415319, "17,32": 0.26169387867257204, "17,64": 0.23214168816103153, "17,128": 0.2219220561984825, "18,8": 0.3269249060194847, "18,16": 0.2740066861584097, "18,32": 0.24185617680290689, "18,64": 0.24232029632125268, "18,128": 0.21359326498031894, "19,8": 0.291011096837158, "19,16": 0.28557244281552857, "19,32": 0.24905696906350044, "19,64": 0.23622772255455649, "19,128": 0.22985804157426581, "20,8": 0.3273916871261629, "20,16": 0.2961847135318744, "20,32": 0.272345537175638, "20,64": 0.23141844982836351, "20,128": 0.20797065092163455, "21,8": 0.3233215319209321, "21,16": 0.26533468088371515, "21,32": 0.2468478771323751, "21,64": 0.23119033434132163, "21,128": 0.18963872366725051, "22,8": 0.2936242758824602, "22,16": 0.2899067643032081, "22,32": 0.2430882531535852, "22,64": 0.22342696616600877, "22,128": 0.1955948687175553, "23,8": 0.31687773220023907, "23,16": 0.292756763321156, "23,32": 0.24630287073420648, "23,64": 0.21894724868292623, "23,128": 0.18106160872084623}