{"0,0.5": 0.9900798206684264, "0,1.0": 0.9082139280280678, "0,1.5": 0.9813218730974391, "0,2.0": 1.2595002575668695, "0,2.5": 0.7002165699665454, "0,3.0": 1.2031585685545012, "1,0.5": 0.8654488642868023, "1,1.0": 0.8748108689043722, "1,1.5": 0.8057597349760108, "1,2.0": 0.7964145627991268, "1,2.5": 0.8397131656864409, "1,3.0": 1.3100540773335811, "2,0.5": 0.951406049799898, "2,1.0": 0.899284377651828, "2,1.5": 0.8485752902245008, "2,2.0": 0.9242884334531075, "2,2.5": 1.5634585327133432, "2,3.0": 1.7899954760490386, "3,0.5": 0.8942262156044237, "3,1.0": 0.9280168382780656, "3,1.5": 0.9294247181124834, "3,2.0": 1.324092591259487, "3,2.5": 0.8788165256641776, "3,3.0": 0.9783322895740777, "4,0.5": 0.8838681250487551, "4,1.0": 0.9104082746794432, "4,1.5": 1.118967520342753, "4,2.0": 1.3920181459988574, "4,2.5": 1.9967730960374181, "4,3.0": 2.5236493530173307, "5,0.5": 0.9781414170894853, "5,1.0": 0.963822113663798, "5,1.5": 0.9761200265720767, "5,2.0": 1.2044043125935544, "5,2.5": 1.2240185352605288, "5,3.0": 1.3778077757375935, "6,0.5": 0.9738122338623855, "6,1.0": 1.2461956469749276, "6,1.5": 1.2480951285342414, "6,2.0": 1.1644436004799625, "6,2.5": 1.8588327164141343, "6,3.0": 1.7661631854915674, "7,0.5": 1.0435394813138843, "7,1.0": 1.1275593253068772, "7,1.5": 1.2086204952065562, "7,2.0": 1.5107526691880475, "7,2.5": 1.347368104132225, "7,3.0": 1.5053911097766464, "8,0.5": 0.9462935249976644, "8,1.0": 1.0209384162143467, "8,1.5": 1.066380079593175, "8,2.0": 1.1765712870890606, "8,2.5": 1.164715134850215, "8,3.0": 1.4200045556147414, "9,0.5": 0.9761815936148418, "9,1.0": 0.9638498950233451, "9,1.5": 1.0020624262716875, "9,2.0": 0.978217514963976, "9,2.5": 0.9691359634534185, "9,3.0": 0.983077016073747, "10,0.5": 0.9288275198976267, "10,1.0": 0.878936667233645, "10,1.5": 0.94689031648281, "10,2.0": 0.9249437340192816, "10,2.5": 0.9239882224441435, "10,3.0": 0.8769280397712504, "11,0.5": 0.9746284409154965, "11,1.0": 0.8910966928628932, "11,1.5": 0.9336681052209966, "11,2.0": 0.883839287781391, "11,2.5": 0.9574306274800944, "11,3.0": 0.8805976610447911}