{"0,0.5": 0.2669374030309031, "0,1.0": 0.2866552507761224, "0,1.5": 0.25069191375488303, "0,2.0": 0.18322018454187847, "0,2.5": 0.1426734743500254, "0,3.0": 0.12184199829372938, "1,0.5": 0.2927896919518107, "1,1.0": 0.27704225068497196, "1,1.5": 0.27445879664284706, "1,2.0": 0.19532970406223102, "1,2.5": 0.15757156599651578, "1,3.0": 0.14611845219198907, "2,0.5": 0.2673000414927485, "2,1.0": 0.254147782796873, "2,1.5": 0.20977552936308944, "2,2.0": 0.15846326979269787, "2,2.5": 0.12943397727038702, "2,3.0": 0.09405307815777594, "3,0.5": 0.2628639505407817, "3,1.0": 0.26092011805345194, "3,1.5": 0.22776678586546784, "3,2.0": 0.20283191931557237, "3,2.5": 0.183108877308493, "3,3.0": 0.17989954645504394, "4,0.5": 0.2851358045807527, "4,1.0": 0.29000783257231655, "4,1.5": 0.22463165515473552, "4,2.0": 0.1874240535796481, "4,2.5": 0.15873075747278895, "4,3.0": 0.13880183357913561, "5,0.5": 0.2854278830256701, "5,1.0": 0.2558610876705935, "5,1.5": 0.2416467490577128, "5,2.0": 0.22171126587977463, "5,2.5": 0.24043018063913024, "5,3.0": 0.21536630345470922, "6,0.5": 0.27133369356131504, "6,1.0": 0.23012924195734508, "6,1.5": 0.20684116932669258, "6,2.0": 0.20281386486278866, "6,2.5": 0.162505258128555, "6,3.0": 0.16024932136438447, "7,0.5": 0.2549435702717788, "7,1.0": 0.23904123951647083, "7,1.5": 0.21121273099182616, "7,2.0": 0.18592810368328574, "7,2.5": 0.20136878407317008, "7,3.0": 0.19110026827227078, "8,0.5": 0.281858481259915, "8,1.0": 0.2706442273317272, "8,1.5": 0.24244620869327693, "8,2.0": 0.25045038428028865, "8,2.5": 0.2335206411588061, "8,3.0": 0.18537254663512834, "9,0.5": 0.26452512841076, "9,1.0": 0.26297185659379263, "9,1.5": 0.25743153498267124, "9,2.0": 0.24552239660127795, "9,2.5": 0.22828367722579715, "9,3.0": 0.22135422055457252, "10,0.5": 0.27490166658711246, "10,1.0": 0.26161538668299084, "10,1.5": 0.27004736743318797, "10,2.0": 0.25961817509536006, "10,2.5": 0.24776043084073665, "10,3.0": 0.24188804517750143, "11,0.5": 0.277563711099169, "11,1.0": 0.2742628301500204, "11,1.5": 0.27819863833741265, "11,2.0": 0.27648608555258214, "11,2.5": 0.24972646277224797, "11,3.0": 0.26151994740245615}