{"0,0.5": -0.05555555555555555, "0,1": 0.0, "0,1.5": -0.05555555555555555, "0,2": -0.08333333333333333, "0,2.5": 0.0, "0,3": 0.16666666666666666, "1,0.5": 0.0, "1,1": 0.0, "1,1.5": -0.05555555555555555, "1,2": -0.027777777777777776, "1,2.5": 0.027777777777777776, "1,3": 0.19444444444444445, "2,0.5": 0.05555555555555555, "2,1": 0.0, "2,1.5": 0.0, "2,2": 0.0, "2,2.5": -0.027777777777777776, "2,3": 0.0, "3,0.5": 0.0, "3,1": 0.0, "3,1.5": 0.0, "3,2": -0.05555555555555555, "3,2.5": -0.1388888888888889, "3,3": -0.3055555555555556, "4,0.5": 0.0, "4,1": 0.0, "4,1.5": 0.0, "4,2": -0.1111111111111111, "4,2.5": -0.1111111111111111, "4,3": 0.0, "5,0.5": 0.0, "5,1": 0.0, "5,1.5": 0.05555555555555555, "5,2": 0.0, "5,2.5": 0.05555555555555555, "5,3": 0.0, "6,0.5": 0.05555555555555555, "6,1": -0.05555555555555555, "6,1.5": -0.027777777777777776, "6,2": 0.0, "6,2.5": -0.027777777777777776, "6,3": -0.05555555555555555, "7,0.5": 0.0, "7,1": 0.0, "7,1.5": 0.0, "7,2": -0.1111111111111111, "7,2.5": 0.0, "7,3": 0.0, "8,0.5": 0.0, "8,1": 0.0, "8,1.5": 0.0, "8,2": 0.0, "8,2.5": 0.0, "8,3": -0.05555555555555555, "9,0.5": 0.0, "9,1": 0.0, "9,1.5": 0.0, "9,2": -0.05555555555555555, "9,2.5": 0.0, "9,3": -0.05555555555555555, "10,0.5": -0.027777777777777776, "10,1": 0.027777777777777776, "10,1.5": 0.0, "10,2": 0.0, "10,2.5": -0.05555555555555555, "10,3": 0.0, "11,0.5": -0.05555555555555555, "11,1": 0.0, "11,1.5": 0.0, "11,2": 0.0, "11,2.5": 0.0, "11,3": 0.0}