{"0,8": 0.3883283490538588, "0,16": 0.2921945032828452, "0,32": 0.15459327669899656, "0,64": 0.1423713957513934, "0,128": 0.12389528374648526, "1,8": 0.277361953797687, "1,16": 0.1431844611207832, "1,32": 0.09904624480280834, "1,64": 0.09537282270093594, "1,128": 0.08653374649518081, "2,8": 0.3588474286346356, "2,16": 0.11889812799696187, "2,32": 0.08042744258343278, "2,64": 0.0851808097748204, "2,128": 0.09944253471993125, "3,8": 0.24110657290617515, "3,16": 0.0886814663904611, "3,32": 0.06300264614952798, "3,64": 0.07015385761452254, "3,128": 0.09654949190331606, "4,8": 0.2622436499411458, "4,16": 0.08575936423420594, "4,32": 0.07793907296169435, "4,64": 0.08414506887751595, "4,128": 0.07863979492694831, "5,8": 0.2987951263927455, "5,16": 0.09300592427602948, "5,32": 0.09534602821727849, "5,64": 0.09791436656977169, "5,128": 0.08153164317926856, "6,8": 0.46070666098346025, "6,16": 0.09577243259322508, "6,32": 0.06699073992353818, "6,64": 0.07069372880477721, "6,128": 0.08562952351973181, "7,8": 0.36291991845696586, "7,16": 0.16395804732718477, "7,32": 0.09462142006895119, "7,64": 0.08545565995864786, "7,128": 0.09063805591240465, "8,8": 0.3973686182851581, "8,16": 0.37539366768710175, "8,32": 0.14306477845192686, "8,64": 0.10243924495917023, "8,128": 0.07856308884179256, "9,8": 0.4220042495705135, "9,16": 0.39875684339627304, "9,32": 0.2178612956807383, "9,64": 0.11621877600345853, "9,128": 0.09804526843123641, "10,8": 0.40242709956604755, "10,16": 0.38295424827216906, "10,32": 0.24994326750807305, "10,64": 0.14914587532172555, "10,128": 0.11552876889260626, "11,8": 0.40169260676338214, "11,16": 0.32988469426516837, "11,32": 0.1727862349447401, "11,64": 0.1068818859210659, "11,128": 0.09389526082796124, "12,8": 0.37715558904569646, "12,16": 0.2932538369412129, "12,32": 0.1460040477746563, "12,64": 0.09104656425213499, "12,128": 0.08016171652462616, "13,8": 0.3836665284568279, "13,16": 0.34956016217884195, "13,32": 0.20672817472570493, "13,64": 0.13758736609321306, "13,128": 0.11504527817364169, "14,8": 0.382124918542437, "14,16": 0.3313078540683032, "14,32": 0.19075979454962466, "14,64": 0.12716124792209632, "14,128": 0.1138637934219158, "15,8": 0.36806899398654813, "15,16": 0.33975123307495037, "15,32": 0.28586672153102266, "15,64": 0.16929988696452009, "15,128": 0.15356751209053174, "16,8": 0.40511356156550055, "16,16": 0.4055922198496411, "16,32": 0.2601846224969288, "16,64": 0.2226740757478544, "16,128": 0.16147873772722535, "17,8": 0.3671224843448519, "17,16": 0.3755273810716437, "17,32": 0.31383519938753707, "17,64": 0.19676574020185622, "17,128": 0.21416131251056358, "18,8": 0.4170422408584559, "18,16": 0.4690681503346861, "18,32": 0.365734683439595, "18,64": 0.31731917422612377, "18,128": 0.2694460485158355, "19,8": 0.38651259109847874, "19,16": 0.42798016696331864, "19,32": 0.32329034579577365, "19,64": 0.2692964276748356, "19,128": 0.26892297155307726, "20,8": 0.382293105991707, "20,16": 0.3992757658970173, "20,32": 0.29724602534525535, "20,64": 0.26929926604139187, "20,128": 0.2619354418791684, "21,8": 0.4294633307344063, "21,16": 0.4000229985191199, "21,32": 0.3591450690860372, "21,64": 0.30779986788114005, "21,128": 0.2858138805475965, "22,8": 0.39294998670703196, "22,16": 0.3826982680577368, "22,32": 0.24219064584590097, "22,64": 0.21603148462719335, "22,128": 0.22375791079334567, "23,8": 0.41173460324668404, "23,16": 0.40779854110942626, "23,32": 0.3474376530951749, "23,64": 0.2921587250228543, "23,128": 0.2517866617722036}