{"0,0.5": 0.30185316622525904, "0,1.0": 0.19101634174078982, "0,1.5": 0.1305908409287744, "0,2.0": 0.10250764148931688, "0,2.5": 0.10585095378192072, "0,3.0": 0.11516674211862349, "1,0.5": 0.3312869899019911, "1,1.0": 0.2917928545990887, "1,1.5": 0.1770850119416145, "1,2.0": 0.1469298967316517, "1,2.5": 0.10748181718206064, "1,3.0": 0.1006565967264663, "2,0.5": 0.3379612450774712, "2,1.0": 0.2972242554125308, "2,1.5": 0.2783251633053219, "2,2.0": 0.21801337489783368, "2,2.5": 0.15121668680350656, "2,3.0": 0.1087285708368043, "3,0.5": 0.32991856435821876, "3,1.0": 0.2976603992442272, "3,1.5": 0.31053201884489545, "3,2.0": 0.1767376991079463, "3,2.5": 0.13674323462443386, "3,3.0": 0.13650666231386455, "4,0.5": 0.32387450614409796, "4,1.0": 0.29426312442376384, "4,1.5": 0.273552838505416, "4,2.0": 0.1878599211044628, "4,2.5": 0.1643427397033681, "4,3.0": 0.10770843359827735, "5,0.5": 0.32071048827869264, "5,1.0": 0.3101020107549297, "5,1.5": 0.269199118753129, "5,2.0": 0.2772530037920908, "5,2.5": 0.14851571883045908, "5,3.0": 0.11003770959881903, "6,0.5": 0.32120867182699925, "6,1.0": 0.3102209418841926, "6,1.5": 0.30652747405279235, "6,2.0": 0.228015050281361, "6,2.5": 0.16980574360087683, "6,3.0": 0.0852774245574023, "7,0.5": 0.3053464859293423, "7,1.0": 0.3249996394616666, "7,1.5": 0.3139603313704113, "7,2.0": 0.30405787403043033, "7,2.5": 0.26431036807105224, "7,3.0": 0.1667640648989828, "8,0.5": 0.34515353242774255, "8,1.0": 0.30805863373123593, "8,1.5": 0.26291554879911955, "8,2.0": 0.19581364716728003, "8,2.5": 0.15722067327738665, "8,3.0": 0.11691038336810797, "9,0.5": 0.3246464929893818, "9,1.0": 0.33633990393479896, "9,1.5": 0.2731555767694095, "9,2.0": 0.2468283373305833, "9,2.5": 0.14963118218492685, "9,3.0": 0.11602053880448732, "10,0.5": 0.32714807521849953, "10,1.0": 0.32235757713148544, "10,1.5": 0.29723949775799935, "10,2.0": 0.22776346490662805, "10,2.5": 0.10937609816294105, "10,3.0": 0.1098544202327974, "11,0.5": 0.32590688868496726, "11,1.0": 0.32697104004255984, "11,1.5": 0.28415163607368293, "11,2.0": 0.2355741988876182, "11,2.5": 0.19048710559879978, "11,3.0": 0.14968843523320247, "12,0.5": 0.3188123679066021, "12,1.0": 0.29524299039665153, "12,1.5": 0.2618365583001185, "12,2.0": 0.20906127745718747, "12,2.5": 0.18713119212870583, "12,3.0": 0.16147418858543466, "13,0.5": 0.3095378209790197, "13,1.0": 0.3052363224988155, "13,1.5": 0.23694927891450768, "13,2.0": 0.1623305577691292, "13,2.5": 0.14704036439172072, "13,3.0": 0.13144934124285274, "14,0.5": 0.34303562580843816, "14,1.0": 0.3207467525300421, "14,1.5": 0.25741710656071876, "14,2.0": 0.22840172035925693, "14,2.5": 0.1851998081284705, "14,3.0": 0.16456617586144123, "15,0.5": 0.34148835296964264, "15,1.0": 0.30388587934513556, "15,1.5": 0.2861064009409209, "15,2.0": 0.21474160905248113, "15,2.5": 0.19403425219180598, "15,3.0": 0.1669478895125474, "16,0.5": 0.3317686533493473, "16,1.0": 0.3359979570060847, "16,1.5": 0.28634620424853785, "16,2.0": 0.24281176418636496, "16,2.5": 0.17905814133618092, "16,3.0": 0.18096162451700787, "17,0.5": 0.3040723449730403, "17,1.0": 0.2976903510930936, "17,1.5": 0.26367607499566337, "17,2.0": 0.24142350919166666, "17,2.5": 0.21788194153474913, "17,3.0": 0.17856314614955593, "18,0.5": 0.2979569261569678, "18,1.0": 0.2917010173132465, "18,1.5": 0.27348415971795353, "18,2.0": 0.23225918191879766, "18,2.5": 0.21806700749200666, "18,3.0": 0.18615719454739696, "19,0.5": 0.31937453985549186, "19,1.0": 0.30372937551432033, "19,1.5": 0.2599273032144001, "19,2.0": 0.22245574826884468, "19,2.5": 0.17029565108821867, "19,3.0": 0.16051341685858317, "20,0.5": 0.31134411079515606, "20,1.0": 0.30135757950563513, "20,1.5": 0.2909595123729425, "20,2.0": 0.2941994948289272, "20,2.5": 0.22268167335252434, "20,3.0": 0.2558119346960966, "21,0.5": 0.30522564057288004, "21,1.0": 0.2820829536434284, "21,1.5": 0.2726306581686751, "21,2.0": 0.27215677798617655, "21,2.5": 0.22119702943413605, "21,3.0": 0.2241229567965292, "22,0.5": 0.3033960134618755, "22,1.0": 0.29997139252809896, "22,1.5": 0.28677322141443634, "22,2.0": 0.2427910668640081, "22,2.5": 0.21116322025604461, "22,3.0": 0.2272363504532704, "23,0.5": 0.30691693882452536, "23,1.0": 0.2958470576911233, "23,1.5": 0.29626419936353865, "23,2.0": 0.2650745179322291, "23,2.5": 0.22912466463745249, "23,3.0": 0.23561409653866106, "24,0.5": 0.3073406626587137, "24,1.0": 0.3009794365082074, "24,1.5": 0.2786795614356376, "24,2.0": 0.2923821400524233, "24,2.5": 0.24926607296661438, "24,3.0": 0.28729737132167016, "25,0.5": 0.2907384403841629, "25,1.0": 0.29604985907632947, "25,1.5": 0.2995500739698875, "25,2.0": 0.2838486245049934, "25,2.5": 0.2606006968781588, "25,3.0": 0.2687959231497159, "26,0.5": 0.2991909113330391, "26,1.0": 0.29280285619330226, "26,1.5": 0.31161531770641554, "26,2.0": 0.3013383444424221, "26,2.5": 0.31128819160777993, "26,3.0": 0.3275886737088319, "27,0.5": 0.3157035874599353, "27,1.0": 0.31041319227632697, "27,1.5": 0.2973415466890076, "27,2.0": 0.327825182810756, "27,2.5": 0.3523190977893745, "27,3.0": 0.2989103507066795, "28,0.5": 0.3344658947781965, "28,1.0": 0.32716463550683866, "28,1.5": 0.313764123844021, "28,2.0": 0.30340452328022516, "28,2.5": 0.3412147633993994, "28,3.0": 0.283421322839579, "29,0.5": 0.3064567973720955, "29,1.0": 0.3098654319575504, "29,1.5": 0.3001340451890937, "29,2.0": 0.30097535544674514, "29,2.5": 0.32067061322104135, "29,3.0": 0.31448484935961574, "30,0.5": 0.3245518385788949, "30,1.0": 0.33458009076613426, "30,1.5": 0.32357642955997035, "30,2.0": 0.30401088978970675, "30,2.5": 0.3111438413909482, "30,3.0": 0.32292594661915885, "31,0.5": 0.31449060406527407, "31,1.0": 0.32500007304909856, "31,1.5": 0.31011661697790865, "31,2.0": 0.32010551087226863, "31,2.5": 0.30301219961027875, "31,3.0": 0.29062780447684694, "32,0.5": 0.3084655294303134, "32,1.0": 0.30708388240541634, "32,1.5": 0.31531045343841024, "32,2.0": 0.31825392477426884, "32,2.5": 0.3292992981126288, "32,3.0": 0.3168633821881999, "33,0.5": 0.3127279262172877, "33,1.0": 0.32406476005317825, "33,1.5": 0.3211116581788542, "33,2.0": 0.2912009233702467, "33,2.5": 0.32138754823991367, "33,3.0": 0.3177265099509092, "34,0.5": 0.32326998382927946, "34,1.0": 0.3162731594939325, "34,1.5": 0.30741203066362, "34,2.0": 0.29179977566870535, "34,2.5": 0.30975338788911505, "34,3.0": 0.306384305655268, "35,0.5": 0.3212192760195535, "35,1.0": 0.3135087511645395, "35,1.5": 0.3344575867903133, "35,2.0": 0.3090601915171127, "35,2.5": 0.32348227206169294, "35,3.0": 0.3442469780142636, "36,0.5": 0.3027309371112091, "36,1.0": 0.3301352451772331, "36,1.5": 0.3238625636032206, "36,2.0": 0.3122080717982573, "36,2.5": 0.33290822487865507, "36,3.0": 0.3187624976423876, "37,0.5": 0.3122720485612857, "37,1.0": 0.3029937419465376, "37,1.5": 0.3187906813511273, "37,2.0": 0.314937355137724, "37,2.5": 0.3041813599521194, "37,3.0": 0.3119377571317026, "38,0.5": 0.32933440377705214, "38,1.0": 0.30234159805443345, "38,1.5": 0.3220164065519764, "38,2.0": 0.3270166501486214, "38,2.5": 0.291063774363279, "38,3.0": 0.29142446763043917, "39,0.5": 0.32895742369543257, "39,1.0": 0.31852319550524594, "39,1.5": 0.3411284590438644, "39,2.0": 0.3312293300977352, "39,2.5": 0.3172145717924273, "39,3.0": 0.31319217457406673, "40,0.5": 0.31893861705926463, "40,1.0": 0.3175019168286791, "40,1.5": 0.3159496251992011, "40,2.0": 0.3368382770230815, "40,2.5": 0.3350936086362355, "40,3.0": 0.3101671812960472, "41,0.5": 0.31867556866201735, "41,1.0": 0.33210982381092036, "41,1.5": 0.3057377828360573, "41,2.0": 0.3264052691616253, "41,2.5": 0.3111186919713218, "41,3.0": 0.3098251336337812, "42,0.5": 0.3133855565117311, "42,1.0": 0.294442085112953, "42,1.5": 0.3282717143162597, "42,2.0": 0.3356055403530501, "42,2.5": 0.3372131317181366, "42,3.0": 0.31704063610620076, "43,0.5": 0.3085606578729116, "43,1.0": 0.3193318113751686, "43,1.5": 0.31440125148730486, "43,2.0": 0.29901962757464046, "43,2.5": 0.2993503532157289, "43,3.0": 0.2978075715345184,