{"0,8": 0.3740255637153137, "0,16": 0.37402366882880717, "0,32": 0.37400011042197995, "0,64": 0.37398609813500244, "0,128": 0.37400637442749174, "1,8": 0.3739733788902124, "1,16": 0.37399146985074605, "1,32": 0.3740299355894333, "1,64": 0.3738873764232682, "1,128": 0.3740263530573623, "2,8": 0.37401751250376164, "2,16": 0.3740411859658257, "2,32": 0.3740274699207012, "2,64": 0.3740249532980867, "2,128": 0.37402588518210655, "3,8": 0.3740352672879345, "3,16": 0.37403412588034024, "3,32": 0.37403619082960415, "3,64": 0.3738623632993342, "3,128": 0.37400452831687425, "4,8": 0.37401601378776866, "4,16": 0.37401363835528945, "4,32": 0.3740702921766331, "4,64": 0.3740409166066048, "4,128": 0.3740170105692441, "5,8": 0.3739612284417396, "5,16": 0.37404697999415304, "5,32": 0.37400662526669415, "5,64": 0.37401764493663614, "5,128": 0.37400398806926277, "6,8": 0.37401832406367386, "6,16": 0.3740183444769135, "6,32": 0.3739886491720166, "6,64": 0.37403690817716123, "6,128": 0.37400104202497336, "7,8": 0.37402370429700277, "7,16": 0.3740165245604155, "7,32": 0.3740168838776164, "7,64": 0.37398904430967655, "7,128": 0.3739918441787445, "8,8": 0.37406292023328674, "8,16": 0.3738957957786694, "8,32": 0.3739869246812734, "8,64": 0.37402290791481785, "8,128": 0.37402068851099346, "9,8": 0.37402522773575925, "9,16": 0.37388589726434834, "9,32": 0.37402679114440146, "9,64": 0.3740127263973868, "9,128": 0.37401878004294964, "10,8": 0.3739923836989794, "10,16": 0.3740052091817951, "10,32": 0.37399090946949254, "10,64": 0.3740234715011457, "10,128": 0.3740237351841917, "11,8": 0.37401167454265016, "11,16": 0.3740431620044429, "11,32": 0.3740165148168846, "11,64": 0.37402229301454043, "11,128": 0.37399117162416795, "12,8": 0.373972104457194, "12,16": 0.3740722079820406, "12,32": 0.37404912667889056, "12,64": 0.3740208178818105, "12,128": 0.37402228644619784, "13,8": 0.3740257899591988, "13,16": 0.37401154484388016, "13,32": 0.37402658892361235, "13,64": 0.3740201996745474, "13,128": 0.3740211321143431, "14,8": 0.3739023112362139, "14,16": 0.374010904873024, "14,32": 0.37397929675656233, "14,64": 0.3740067373345092, "14,128": 0.37402787172665936, "15,8": 0.3739490630626035, "15,16": 0.374066024649456, "15,32": 0.37401993848425735, "15,64": 0.37401286286960517, "15,128": 0.3740205307125819, "16,8": 0.37403788716804853, "16,16": 0.37401679905354696, "16,32": 0.37400883872895124, "16,64": 0.3740366785827435, "16,128": 0.3740270998289999, "17,8": 0.3739836283233424, "17,16": 0.37400454316486165, "17,32": 0.37400283944070123, "17,64": 0.3740698404384706, "17,128": 0.37402577826726424, "18,8": 0.37403220118120767, "18,16": 0.3739906664347123, "18,32": 0.37400662449012356, "18,64": 0.37401185915728, "18,128": 0.37400938400718153, "19,8": 0.37401853862938916, "19,16": 0.3740065694289897, "19,32": 0.37404198579711945, "19,64": 0.3739879537396567, "19,128": 0.37402441164586603, "20,8": 0.374033110581647, "20,16": 0.37399674057002313, "20,32": 0.3740336117584725, "20,64": 0.3739839859283428, "20,128": 0.37401753669409377, "21,8": 0.37401887434754677, "21,16": 0.3739054580106012, "21,32": 0.3740488254495877, "21,64": 0.3738995912475791, "21,128": 0.3740127364573362, "22,8": 0.37404918346560456, "22,16": 0.37401687955565727, "22,32": 0.37389144027816057, "22,64": 0.3740100961105509, "22,128": 0.37403486119855095, "23,8": 0.374020994129592, "23,16": 0.37400489184470165, "23,32": 0.3740447705322246, "23,64": 0.37388246304581385, "23,128": 0.373885151930198}