{"0,8": 0.33482796111701213, "0,16": 0.33482622861399663, "0,32": 0.33481469122199203, "0,64": 0.33481727915844967, "0,128": 0.334802338745041, "1,8": 0.3347867948395751, "1,16": 0.3348215903302834, "1,32": 0.3348160577653958, "1,64": 0.3346080933223345, "1,128": 0.33482710941353444, "2,8": 0.3348265513341205, "2,16": 0.3348148955035877, "2,32": 0.3348241255706772, "2,64": 0.3347913930360822, "2,128": 0.33482948225798737, "3,8": 0.3347507491675212, "3,16": 0.3348462877412655, "3,32": 0.3348038681502697, "3,64": 0.334609753088049, "3,128": 0.33481570685495776, "4,8": 0.33481940761601464, "4,16": 0.33479953347047947, "4,32": 0.3348022196178362, "4,64": 0.33481572606222904, "4,128": 0.3347962211818507, "5,8": 0.3347814616895748, "5,16": 0.33481710625214317, "5,32": 0.3348162989674988, "5,64": 0.33481689006472887, "5,128": 0.3348204160207993, "6,8": 0.3348237368250962, "6,16": 0.3348146348552705, "6,32": 0.3348201361836907, "6,64": 0.3348190362667171, "6,128": 0.33481246155094696, "7,8": 0.3348231220119746, "7,16": 0.33482053325174815, "7,32": 0.33481984439301, "7,64": 0.3348098276088235, "7,128": 0.33480599363061264, "8,8": 0.3348737685831156, "8,16": 0.33461033754958003, "8,32": 0.33481023384017505, "8,64": 0.33482656157176555, "8,128": 0.33481966002774427, "9,8": 0.33484326778437934, "9,16": 0.3346070943540167, "9,32": 0.33484452015102106, "9,64": 0.33481746459515316, "9,128": 0.3348083702055502, "10,8": 0.33482104740270213, "10,16": 0.334817974138266, "10,32": 0.33478037736506355, "10,64": 0.33483836764923747, "10,128": 0.3348226725659613, "11,8": 0.3348168427995006, "11,16": 0.3348313924268139, "11,32": 0.3348245489321121, "11,64": 0.3348281997463121, "11,128": 0.33481716012188445, "12,8": 0.33479326825622224, "12,16": 0.3348341837911304, "12,32": 0.3348342114093781, "12,64": 0.3348322143727059, "12,128": 0.334821749725039, "13,8": 0.33483279838883906, "13,16": 0.3348034516859989, "13,32": 0.33482308828902524, "13,64": 0.33482666351804885, "13,128": 0.3348248995936569, "14,8": 0.3345274324802334, "14,16": 0.33475393736153775, "14,32": 0.33480845859346275, "14,64": 0.334807438619941, "14,128": 0.33481603490942885, "15,8": 0.3346294990825646, "15,16": 0.33477199510172495, "15,32": 0.33483675519689565, "15,64": 0.33481094804633177, "15,128": 0.3348107163292909, "16,8": 0.3348067367952589, "16,16": 0.33481326687677243, "16,32": 0.3348133535132879, "16,64": 0.3348175914188179, "16,128": 0.33482846324768123, "17,8": 0.33482547896265025, "17,16": 0.3347958837395078, "17,32": 0.3348112996118391, "17,64": 0.33482294584388994, "17,128": 0.33480651523154764, "18,8": 0.3348040389229838, "18,16": 0.33482215308321, "18,32": 0.33482550823984475, "18,64": 0.33481311759963195, "18,128": 0.33479482391442045, "19,8": 0.3348277428964561, "19,16": 0.33482782172835446, "19,32": 0.33482167603787194, "19,64": 0.33480462469720584, "19,128": 0.3348151983282301, "20,8": 0.3348399858599011, "20,16": 0.33484588021499784, "20,32": 0.3348185238107371, "20,64": 0.3348156021743643, "20,128": 0.3348170468915591, "21,8": 0.33482384748041477, "21,16": 0.3345385919346354, "21,32": 0.33481711015917387, "21,64": 0.3345530249759168, "21,128": 0.33481670617230475, "22,8": 0.33481958995063016, "22,16": 0.3347997903198195, "22,32": 0.33460891502312334, "22,64": 0.3348112400488643, "22,128": 0.33481689767541195, "23,8": 0.33482915228781707, "23,16": 0.3348127893826685, "23,32": 0.33483124752741444, "23,64": 0.3346044503334529, "23,128": 0.33459012432381524}