{"0,0.5": 0.2764216016939941, "0,1.0": 0.19083383436078, "0,1.5": 0.148191191964131, "0,2.0": 0.12239617101680583, "0,2.5": 0.11251049762333826, "0,3.0": 0.10813398207771771, "1,0.5": 0.27770243293874514, "1,1.0": 0.2382932545908502, "1,1.5": 0.14717650966644077, "1,2.0": 0.1083309511464353, "1,2.5": 0.10537940859958311, "1,3.0": 0.10392043939300882, "2,0.5": 0.283268097585064, "2,1.0": 0.27773687743760256, "2,1.5": 0.32673229500865797, "2,2.0": 0.35047122639575623, "2,2.5": 0.34516337238873285, "2,3.0": 0.32433994267555133, "3,0.5": 0.2847046197196595, "3,1.0": 0.33120581500876134, "3,1.5": 0.3245985183619414, "3,2.0": 0.32409228221116326, "3,2.5": 0.30860427679018465, "3,3.0": 0.25951323108729013, "4,0.5": 0.34559745549821186, "4,1.0": 0.3460487624521062, "4,1.5": 0.3609886309232601, "4,2.0": 0.34498099531649756, "4,2.5": 0.322267688696812, "4,3.0": 0.26961482260417124, "5,0.5": 0.2989720822639973, "5,1.0": 0.30581263363365485, "5,1.5": 0.2911347279619825, "5,2.0": 0.2621722648047992, "5,2.5": 0.23811315474847353, "5,3.0": 0.2199509978436319, "6,0.5": 0.3355316622786925, "6,1.0": 0.3291939739030517, "6,1.5": 0.29121996825401897, "6,2.0": 0.2724571207010349, "6,2.5": 0.25823353346698524, "6,3.0": 0.245508113476369, "7,0.5": 0.2915987930042153, "7,1.0": 0.2877884833977374, "7,1.5": 0.27948059013020937, "7,2.0": 0.21881988611914896, "7,2.5": 0.2331864843348074, "7,3.0": 0.16207714039715432, "8,0.5": 0.3093707453951524, "8,1.0": 0.30307478554039524, "8,1.5": 0.28002287635178985, "8,2.0": 0.26585773688651937, "8,2.5": 0.22928398091325258, "8,3.0": 0.2130083105272365, "9,0.5": 0.29651883355128145, "9,1.0": 0.322006791641727, "9,1.5": 0.27815331926354053, "9,2.0": 0.26544668928445786, "9,2.5": 0.24263824041841245, "9,3.0": 0.22382295970729194, "10,0.5": 0.291350306298586, "10,1.0": 0.25509858811231195, "10,1.5": 0.26111146241698446, "10,2.0": 0.20791011177867805, "10,2.5": 0.16815820241872437, "10,3.0": 0.15070547034808424, "11,0.5": 0.27070866079456546, "11,1.0": 0.263538708148456, "11,1.5": 0.23768073463695658, "11,2.0": 0.19464888581053766, "11,2.5": 0.1712785219388325, "11,3.0": 0.15596170799499137}