{"0,0.5": 0.2722787303560978, "0,1.0": 0.23425193936850247, "0,1.5": 0.20752686971649423, "0,2.0": 0.15382496117412012, "0,2.5": 0.12725747759088982, "0,3.0": 0.11916875444583026, "1,0.5": 0.27093154840913947, "1,1.0": 0.21728210644222196, "1,1.5": 0.18649916189166668, "1,2.0": 0.10344602579282797, "1,2.5": 0.07838823713479828, "1,3.0": 0.0537237564407573, "2,0.5": 0.2808240316096866, "2,1.0": 0.2901400318901369, "2,1.5": 0.22900344066400435, "2,2.0": 0.26537044149832867, "2,2.5": 0.2792900239537252, "2,3.0": 0.2530302615020817, "3,0.5": 0.28731392090124525, "3,1.0": 0.2895004997020956, "3,1.5": 0.29626908715668576, "3,2.0": 0.2894601030482422, "3,2.5": 0.2759469467192866, "3,3.0": 0.27813864153247647, "4,0.5": 0.2713772320561374, "4,1.0": 0.2952121947386539, "4,1.5": 0.2770124857919065, "4,2.0": 0.28557654352881334, "4,2.5": 0.23733261889721005, "4,3.0": 0.2310200655239073, "5,0.5": 0.2691269361290145, "5,1.0": 0.2770091391547023, "5,1.5": 0.2726185603819926, "5,2.0": 0.25992908335338555, "5,2.5": 0.24393417553271707, "5,3.0": 0.21301657968764012, "6,0.5": 0.3016178193056705, "6,1.0": 0.3008032208955631, "6,1.5": 0.3024677368555086, "6,2.0": 0.26022466748580947, "6,2.5": 0.2628027564600316, "6,3.0": 0.22389670595979055, "7,0.5": 0.29995821607372425, "7,1.0": 0.2785130699954956, "7,1.5": 0.2976375838657759, "7,2.0": 0.2552837109369248, "7,2.5": 0.23212053857677586, "7,3.0": 0.23855305651807177, "8,0.5": 0.28632202670391155, "8,1.0": 0.2674163505824111, "8,1.5": 0.2603336540097983, "8,2.0": 0.28118368886760986, "8,2.5": 0.25700360129741934, "8,3.0": 0.2560125595541503, "9,0.5": 0.28601176681488916, "9,1.0": 0.25243503481798385, "9,1.5": 0.2686238871988802, "9,2.0": 0.27366080327985665, "9,2.5": 0.2625566413189724, "9,3.0": 0.2766726064059403, "10,0.5": 0.2711771311323945, "10,1.0": 0.2550963045800562, "10,1.5": 0.24615083346149513, "10,2.0": 0.2714125349713592, "10,2.5": 0.2681661546574177, "10,3.0": 0.25865950664374887, "11,0.5": 0.2635172323276024, "11,1.0": 0.25166005588178325, "11,1.5": 0.27505081703440515, "11,2.0": 0.2688518517511077, "11,2.5": 0.25251446021577156, "11,3.0": 0.2933699901549439}