{"0,0.5": 0.19190187155564511, "0,1.0": 0.15227613297934084, "0,1.5": 0.15766605032239725, "0,2.0": 0.15096045152145943, "0,2.5": 0.18006853142429008, "0,3.0": 0.19947080777248619, "1,0.5": 0.14017594412925577, "1,1.0": 0.17578484733399913, "1,1.5": 0.17143020472338005, "1,2.0": 0.14622543633948998, "1,2.5": 0.17393780358251215, "1,3.0": 0.1285215340135103, "2,0.5": 0.1782463583244383, "2,1.0": 0.1422313915460707, "2,1.5": 0.1655578896001127, "2,2.0": 0.14005557230139698, "2,2.5": 0.18999718056161619, "2,3.0": 0.13849998609069966, "3,0.5": 0.20911344831370893, "3,1.0": 0.19012378683950049, "3,1.5": 0.19325478044186234, "3,2.0": 0.11241303334625291, "3,2.5": 0.13609067162749827, "3,3.0": 0.1890157771278712, "4,0.5": 0.1540185727603264, "4,1.0": 0.193121314508088, "4,1.5": 0.1534627664982304, "4,2.0": 0.1946309376044174, "4,2.5": 0.18566064931525872, "4,3.0": 0.16590408771334436, "5,0.5": 0.17598658461988673, "5,1.0": 0.19744368258858744, "5,1.5": 0.15623422963590075, "5,2.0": 0.16668837682993387, "5,2.5": 0.22324422357314067, "5,3.0": 0.1491418924370477, "6,0.5": 0.163557391286401, "6,1.0": 0.15286282989902855, "6,1.5": 0.15779442567619728, "6,2.0": 0.15490887510028623, "6,2.5": 0.21218805899083779, "6,3.0": 0.1773366170873426, "7,0.5": 0.1949985684785082, "7,1.0": 0.1260611134717448, "7,1.5": 0.18611694890916464, "7,2.0": 0.16756395198996377, "7,2.5": 0.20018408987263278, "7,3.0": 0.16242516671740737, "8,0.5": 0.15339646236870588, "8,1.0": 0.188366770102553, "8,1.5": 0.1600362899543552, "8,2.0": 0.20565640907795135, "8,2.5": 0.18482768533586239, "8,3.0": 0.16604969196163646, "9,0.5": 0.13415970466122545, "9,1.0": 0.22372390088107286, "9,1.5": 0.1420423979278984, "9,2.0": 0.21259117466509378, "9,2.5": 0.1980317473331262, "9,3.0": 0.1628655550642277, "10,0.5": 0.20671486331639663, "10,1.0": 0.2204083069560427, "10,1.5": 0.15016883272595954, "10,2.0": 0.19395645962740518, "10,2.5": 0.1447379618232803, "10,3.0": 0.24362289951108373, "11,0.5": 0.20029254932266427, "11,1.0": 0.199256105416317, "11,1.5": 0.16913479515154473, "11,2.0": 0.16742067623371612, "11,2.5": 0.17265305387338203, "11,3.0": 0.21416577387682112, "12,0.5": 0.1531994818886891, "12,1.0": 0.27147338821277467, "12,1.5": 0.16897393648188563, "12,2.0": 0.14032973341151558, "12,2.5": 0.13891597572769587, "12,3.0": 0.1680264416727305, "13,0.5": 0.1354825518842696, "13,1.0": 0.19495908781672952, "13,1.5": 0.18443342042184574, "13,2.0": 0.16732502017811382, "13,2.5": 0.15888158207015465, "13,3.0": 0.15762360969190214, "14,0.5": 0.18764461692806034, "14,1.0": 0.24190981810503753, "14,1.5": 0.1475318380079661, "14,2.0": 0.16281457959307286, "14,2.5": 0.16921947277666688, "14,3.0": 0.14733808667085072, "15,0.5": 0.19017114237048624, "15,1.0": 0.1897255956620953, "15,1.5": 0.19974792332997585, "15,2.0": 0.151656671482944, "15,2.5": 0.18476568513306993, "15,3.0": 0.13641966280370493, "16,0.5": 0.1724530264100591, "16,1.0": 0.22430097892112444, "16,1.5": 0.18705031459778101, "16,2.0": 0.18049792119307134, "16,2.5": 0.14443269263357078, "16,3.0": 0.17852244322855398, "17,0.5": 0.1498118858051521, "17,1.0": 0.1316503601006683, "17,1.5": 0.1865065299162633, "17,2.0": 0.16026025618956227, "17,2.5": 0.14196666244739892, "17,3.0": 0.11533815099411565, "18,0.5": 0.18121857901106694, "18,1.0": 0.1606283352870427, "18,1.5": 0.17343934498163646, "18,2.0": 0.174453985301292, "18,2.5": 0.18947233772519864, "18,3.0": 0.1398885082140836, "19,0.5": 0.160082062916743, "19,1.0": 0.17368469421444174, "19,1.5": 0.2407342519717396, "19,2.0": 0.1309615124561158, "19,2.5": 0.14706039463851617, "19,3.0": 0.15774790515575413, "20,0.5": 0.15639200141733514, "20,1.0": 0.1617058415812222, "20,1.5": 0.19847041135188767, "20,2.0": 0.18842972052304732, "20,2.5": 0.14123822422210475, "20,3.0": 0.13314298388109613, "21,0.5": 0.19633047240070406, "21,1.0": 0.18373821976808952, "21,1.5": 0.1385214656770506, "21,2.0": 0.2509250878461933, "21,2.5": 0.12971945250823547, "21,3.0": 0.17304385612151785, "22,0.5": 0.15351543585574015, "22,1.0": 0.17014947952854398, "22,1.5": 0.206263840432436, "22,2.0": 0.10379735899213618, "22,2.5": 0.2086607501429304, "22,3.0": 0.19884787755887082, "23,0.5": 0.13191141467474063, "23,1.0": 0.14387991552647875, "23,1.5": 0.13253189004287955, "23,2.0": 0.15094663530082084, "23,2.5": 0.21033699641764655, "23,3.0": 0.1689558041654846, "24,0.5": 0.12910059673781726, "24,1.0": 0.15326101105445866, "24,1.5": 0.1766478304175561, "24,2.0": 0.14479543170490064, "24,2.5": 0.1661147485039871, "24,3.0": 0.14792896042748147, "25,0.5": 0.18578634789691267, "25,1.0": 0.15694767021324557, "25,1.5": 0.16531793679665951, "25,2.0": 0.17623258626717836, "25,2.5": 0.15819533788759127, "25,3.0": 0.2015599588520313, "26,0.5": 0.13636058208395377, "26,1.0": 0.13889706811177863, "26,1.5": 0.18665150348751045, "26,2.0": 0.13966614658229584, "26,2.5": 0.21138671940707887, "26,3.0": 0.14700054886924618, "27,0.5": 0.15942839314898383, "27,1.0": 0.214075576185789, "27,1.5": 0.16107967976916934, "27,2.0": 0.17565774753036004, "27,2.5": 0.16067253167130982, "27,3.0": 0.17258941260009922, "28,0.5": 0.15796976042430633, "28,1.0": 0.21227038723059327, "28,1.5": 0.18976706425535192, "28,2.0": 0.21694320607043804, "28,2.5": 0.1929602979243776, "28,3.0": 0.1889102335556575, "29,0.5": 0.1833655057063107, "29,1.0": 0.19618689105610188, "29,1.5": 0.16335374448453446, "29,2.0": 0.16005327163914393, "29,2.5": 0.18582738652475783, "29,3.0": 0.1565508931753592, "30,0.5": 0.19157111187034553, "30,1.0": 0.19141857821122074, "30,1.5": 0.17546479471512297, "30,2.0": 0.19459772317688373, "30,2.5": 0.16028425913209193, "30,3.0": 0.2183022065825508, "31,0.5": 0.1582252312546156, "31,1.0": 0.18052670554593594, "31,1.5": 0.16259777649471022, "31,2.0": 0.14659313188065728, "31,2.5": 0.2099121094936887, "31,3.0": 0.16634525824519755, "32,0.5": 0.15458395538397365, "32,1.0": 0.15530303985344368, "32,1.5": 0.1782054411937307, "32,2.0": 0.17357134930178506, "32,2.5": 0.16483152977492796, "32,3.0": 0.15917569559586692, "33,0.5": 0.21716912363633692, "33,1.0": 0.16011854241509133, "33,1.5": 0.15588415925187032, "33,2.0": 0.14092026591732232, "33,2.5": 0.16919121406795842, "33,3.0": 0.16028652670058743, "34,0.5": 0.16904596267342112, "34,1.0": 0.14669820833175465, "34,1.5": 0.15139417543110356, "34,2.0": 0.1548890691588086, "34,2.5": 0.12908443968931296, "34,3.0": 0.12977524132120916, "35,0.5": 0.1851070805922972, "35,1.0": 0.11876221218029209, "35,1.5": 0.18131634064935392, "35,2.0": 0.1465561819954814, "35,2.5": 0.1837928039394786, "35,3.0": 0.12656874686032693, "36,0.5": 0.17484826498802075, "36,1.0": 0.13245628114736938, "36,1.5": 0.16130944062281016, "36,2.0": 0.14091785601881682, "36,2.5": 0.1431951270569756, "36,3.0": 0.15275000138975994, "37,0.5": 0.12980394222323247, "37,1.0": 0.19570818398931866, "37,1.5": 0.13229023514137261, "37,2.0": 0.16619063959550878, "37,2.5": 0.16048412521010808, "37,3.0": 0.20771564346337434, "38,0.5": 0.16916984891531392, "38,1.0": 0.1583645961026008, "38,1.5": 0.214086099177618, "38,2.0": 0.17778865713850392, "38,2.5": 0.17014525283679358, "38,3.0": 0.25916806045891616, "39,0.5": 0.1974105304489542, "39,1.0": 0.171908701800181, "39,1.5": 0.15666476904238721, "39,2.0": 0.1433650107390484, "39,2.5": 0.16840479949506915, "39,3.0": 0.1568849758499619, "40,0.5": 0.2038432958941241, "40,1.0": 0.19557826693558453, "40,1.5": 0.1383834730874254, "40,2.0": 0.178641423020678, "40,2.5": 0.12914545798461552, "40,3.0": 0.22678327352469957, "41,0.5": 0.20562756191224052, "41,1.0": 0.1506754678278842, "41,1.5": 0.11545946874172351, "41,2.0": 0.15637657684845693, "41,2.5": 0.14500134952452168, "41,3.0": 0.1448857215967629, "42,0.5": 0.17630511811974683, "42,1.0": 0.15538281244063326, "42,1.5": 0.1699863708910926, "42,2.0": 0.1651741122095144, "42,2.5": 0.1851960292643724, "42,3.0": 0.19006091678248777, "43,0.5": 0.19998498714392776, "43,1.0": 0.17762775478689175, "43,1.5": 0.14433060745676235, "43,2.0": 0.16556908207667428,