{"0,0.5": 0.30440414420623146, "0,1.0": 0.3431729561732937, "0,1.5": 0.3227880292416725, "0,2.0": 0.2244180459785843, "0,2.5": 0.15315168833537332, "0,3.0": 0.12451247496145906, "1,0.5": 0.335994976784086, "1,1.0": 0.3232818318357403, "1,1.5": 0.3670384946755654, "1,2.0": 0.27244787124915465, "1,2.5": 0.20585391994780106, "1,3.0": 0.1309054600251187, "2,0.5": 0.31256298873428867, "2,1.0": 0.29995272471173906, "2,1.5": 0.28926219047985646, "2,2.0": 0.2205334133276777, "2,2.5": 0.12657339080938085, "2,3.0": 0.08091064934194757, "3,0.5": 0.32315964349265425, "3,1.0": 0.3025837047358897, "3,1.5": 0.27395052700582295, "3,2.0": 0.20730603042228124, "3,2.5": 0.18206541183236358, "3,3.0": 0.20101665020893722, "4,0.5": 0.32801055280869973, "4,1.0": 0.32280852196159043, "4,1.5": 0.2308401437662596, "4,2.0": 0.1781649854804373, "4,2.5": 0.15297173804570474, "4,3.0": 0.119739579526154, "5,0.5": 0.3023272372836055, "5,1.0": 0.28498816063398746, "5,1.5": 0.27273096257108026, "5,2.0": 0.2229026510305142, "5,2.5": 0.22813003909449303, "5,3.0": 0.18885964584013876, "6,0.5": 0.299341668887433, "6,1.0": 0.24506091300452557, "6,1.5": 0.2133585603728412, "6,2.0": 0.21755013953590746, "6,2.5": 0.13982035469554743, "6,3.0": 0.1192046223236846, "7,0.5": 0.2705673632996267, "7,1.0": 0.2615752682629099, "7,1.5": 0.24012987365266847, "7,2.0": 0.22411785321984354, "7,2.5": 0.23857668379018138, "7,3.0": 0.2078183423190879, "8,0.5": 0.3164322593560364, "8,1.0": 0.28957577479657026, "8,1.5": 0.26816371768739494, "8,2.0": 0.25839222436579595, "8,2.5": 0.24315006804760372, "8,3.0": 0.17502348131562015, "9,0.5": 0.27480458376188494, "9,1.0": 0.28480873179392713, "9,1.5": 0.27207579262162024, "9,2.0": 0.272722685161432, "9,2.5": 0.2544945530227733, "9,3.0": 0.24256786340471578, "10,0.5": 0.30940660961122646, "10,1.0": 0.3119166130405307, "10,1.5": 0.3049597051232913, "10,2.0": 0.28347984615619204, "10,2.5": 0.2979788788064237, "10,3.0": 0.2878386444751581, "11,0.5": 0.28890056084363014, "11,1.0": 0.3306885166819501, "11,1.5": 0.32602371185511764, "11,2.0": 0.3517126746461425, "11,2.5": 0.3338567183825889, "11,3.0": 0.32897849854427696}