{"0,0.5": 0.3278693561628326, "0,1.0": 0.29114527253980726, "0,1.5": 0.13901017767692259, "0,2.0": 0.07494635959530069, "0,2.5": 0.06573743394193683, "0,3.0": 0.06585284492567231, "1,0.5": 0.30961995762811106, "1,1.0": 0.32597687421616184, "1,1.5": 0.13829744327770127, "1,2.0": 0.0688214634595418, "1,2.5": 0.04992883169861785, "1,3.0": 0.04960377344021197, "2,0.5": 0.3299620169574371, "2,1.0": 0.2804215637104715, "2,1.5": 0.2038160405690077, "2,2.0": 0.18608439926506917, "2,2.5": 0.12019388734085212, "2,3.0": 0.08236369685997794, "3,0.5": 0.32557390136342906, "3,1.0": 0.2711426083772016, "3,1.5": 0.15042735358056653, "3,2.0": 0.1325147304461452, "3,2.5": 0.09869048028456044, "3,3.0": 0.06339531549950787, "4,0.5": 0.30299918199245, "4,1.0": 0.2679834222920123, "4,1.5": 0.21445393034671195, "4,2.0": 0.13187041567611132, "4,2.5": 0.11503817206010741, "4,3.0": 0.11261552086619576, "5,0.5": 0.279010431010085, "5,1.0": 0.27394218987767627, "5,1.5": 0.18844196867566565, "5,2.0": 0.16023892278713409, "5,2.5": 0.1440685880238832, "5,3.0": 0.12421978836549544, "6,0.5": 0.28285270387084055, "6,1.0": 0.19889760468529902, "6,1.5": 0.10191643840562552, "6,2.0": 0.0946380823395426, "6,2.5": 0.08858531860430138, "6,3.0": 0.06870314082508942, "7,0.5": 0.2676170696517589, "7,1.0": 0.23493703705077762, "7,1.5": 0.16574574016292404, "7,2.0": 0.12286357300653676, "7,2.5": 0.09361938236731887, "7,3.0": 0.11816365705537223, "8,0.5": 0.2619575712424916, "8,1.0": 0.22656014607788139, "8,1.5": 0.17079809102068844, "8,2.0": 0.13111153994424518, "8,2.5": 0.08548479961124705, "8,3.0": 0.0682433409805023, "9,0.5": 0.26569351495116783, "9,1.0": 0.22721150905947482, "9,1.5": 0.212557551609757, "9,2.0": 0.19389047009048505, "9,2.5": 0.14170090157916365, "9,3.0": 0.10382227509565914, "10,0.5": 0.29768522151026955, "10,1.0": 0.252926230566211, "10,1.5": 0.22557301352309717, "10,2.0": 0.1909786528148311, "10,2.5": 0.13776637786334883, "10,3.0": 0.09299868382513418, "11,0.5": 0.32399062975528786, "11,1.0": 0.3422738213636346, "11,1.5": 0.33852962832710903, "11,2.0": 0.28279969868046373, "11,2.5": 0.22947985168321614, "11,3.0": 0.16297400490759084}