{"0,0.5": 0.2808714291526923, "0,1.0": 0.3063027370641936, "0,1.5": 0.2947946825091006, "0,2.0": 0.1886118532941778, "0,2.5": 0.14615579447460295, "0,3.0": 0.1216327761067922, "1,0.5": 0.27805514346814336, "1,1.0": 0.2736412343727468, "1,1.5": 0.2905116855355596, "1,2.0": 0.201334428974897, "1,2.5": 0.16304341692524452, "1,3.0": 0.13907266812595875, "2,0.5": 0.2893893495203932, "2,1.0": 0.2648323855791739, "2,1.5": 0.23625517863406026, "2,2.0": 0.18576127589027208, "2,2.5": 0.13877068180798047, "2,3.0": 0.10932254869417385, "3,0.5": 0.2790300380727065, "3,1.0": 0.2726861008208747, "3,1.5": 0.24303308654042702, "3,2.0": 0.20082769541869244, "3,2.5": 0.16666150546707797, "3,3.0": 0.1809174325389493, "4,0.5": 0.28507535658282696, "4,1.0": 0.2800784315856457, "4,1.5": 0.24401467969811255, "4,2.0": 0.20752413836788128, "4,2.5": 0.18775583750810285, "4,3.0": 0.1669389874077902, "5,0.5": 0.28185740808645143, "5,1.0": 0.2649627432971047, "5,1.5": 0.25876090218382686, "5,2.0": 0.2428878414518767, "5,2.5": 0.25044906477499973, "5,3.0": 0.229858030260793, "6,0.5": 0.27946255381813606, "6,1.0": 0.24619427244948147, "6,1.5": 0.22052174888465104, "6,2.0": 0.22713993166406635, "6,2.5": 0.18244989917302634, "6,3.0": 0.18162006793150554, "7,0.5": 0.27274953847303574, "7,1.0": 0.2559423039974087, "7,1.5": 0.2356165474902867, "7,2.0": 0.2389719477634438, "7,2.5": 0.25710577052092026, "7,3.0": 0.24047659470555255, "8,0.5": 0.28610657331680395, "8,1.0": 0.2813868089920808, "8,1.5": 0.2710773240707726, "8,2.0": 0.2742223341865724, "8,2.5": 0.24844343402958843, "8,3.0": 0.21430897234646779, "9,0.5": 0.2571107660629739, "9,1.0": 0.26242610733045213, "9,1.5": 0.2540484432655475, "9,2.0": 0.24296487908946535, "9,2.5": 0.23991949126120446, "9,3.0": 0.2289667851449555, "10,0.5": 0.275040487117537, "10,1.0": 0.2711607009018199, "10,1.5": 0.27032324336601266, "10,2.0": 0.25415775789897244, "10,2.5": 0.25524927458076047, "10,3.0": 0.24255584565170663, "11,0.5": 0.26724390412152776, "11,1.0": 0.28445124460094684, "11,1.5": 0.297097411594703, "11,2.0": 0.3029820598098996, "11,2.5": 0.3108313823501094, "11,3.0": 0.27902049278419333}