{"0,0.5": 0.06497071180116087, "0,1.0": -0.0240658240831855, "0,1.5": -0.05742419088466691, "0,2.0": -0.0760397448438742, "0,2.5": -0.06896698519019391, "0,3.0": -0.05886719318497987, "1,0.5": -0.20398875937419153, "1,1.0": 0.04522558202665594, "1,1.5": -0.0017459020096529214, "1,2.0": -0.062216812951619946, "1,2.5": -0.06031015750663549, "1,3.0": -0.04828474278091945, "2,0.5": 0.10868851379071383, "2,1.0": 0.17925465435580568, "2,1.5": -0.0010795088285504289, "2,2.0": -0.0028162499690984302, "2,2.5": -0.008775557311338097, "2,3.0": 0.0028769826444229414, "3,0.5": -0.012334330186479132, "3,1.0": 0.08910527545143393, "3,1.5": 0.00489922285166608, "3,2.0": 0.056963136607962456, "3,2.5": 0.11745403220795395, "3,3.0": 0.11706182783386869, "4,0.5": 0.03085315637546811, "4,1.0": 0.10564037313450222, "4,1.5": 0.04352300778696756, "4,2.0": -0.024227812914932454, "4,2.5": 0.04881453783112488, "4,3.0": 0.05720955161702558, "5,0.5": 0.13849233553308943, "5,1.0": 0.032174330577331614, "5,1.5": 0.07257295673966227, "5,2.0": 0.09815802910451385, "5,2.5": -0.008780929924900975, "5,3.0": 0.033147568025844294, "6,0.5": 0.0258458549397945, "6,1.0": 0.21572167945463905, "6,1.5": 0.06636437907159472, "6,2.0": 0.16909500501321695, "6,2.5": 0.13168450648520852, "6,3.0": -0.005515011630820618, "7,0.5": -0.04760385739030756, "7,1.0": 0.04797907600880014, "7,1.5": 0.02808403707198515, "7,2.0": 0.047695531750807624, "7,2.5": 0.024738496317893797, "7,3.0": -0.0675848470022411, "8,0.5": 0.1067031333108864, "8,1.0": 0.03687606621750231, "8,1.5": 0.0960778705378081, "8,2.0": 0.15505393296853345, "8,2.5": 0.18708497360602078, "8,3.0": 0.00019073506449351733, "9,0.5": 0.0812559824881243, "9,1.0": 0.04904559647610346, "9,1.5": 0.11441271352325443, "9,2.0": 0.17625932835358848, "9,2.5": 0.037032808531397905, "9,3.0": 0.038671328539593625, "10,0.5": 0.1032727164822762, "10,1.0": 0.1065175489296251, "10,1.5": 0.2428963732307046, "10,2.0": 0.21323327521826216, "10,2.5": 0.1336175480731617, "10,3.0": 0.048057953576239314, "11,0.5": 0.007396498062156257, "11,1.0": 0.010848188098414842, "11,1.5": 0.06832207778415107, "11,2.0": 0.04869528348251987, "11,2.5": 0.0023722620425435633, "11,3.0": 0.023728798104980943, "12,0.5": 0.03568268474779935, "12,1.0": -0.012331326409806444, "12,1.5": 0.1562197196259181, "12,2.0": 0.08908908690127998, "12,2.5": 0.08185948504279385, "12,3.0": -0.00021234357991817363, "13,0.5": 0.02468425510437742, "13,1.0": 0.07677020624212788, "13,1.5": 0.1924309988797626, "13,2.0": 0.19021024955214313, "13,2.5": 0.12051094623466307, "13,3.0": 0.12907148075170763, "14,0.5": 0.18400920385419317, "14,1.0": 0.08188788757835104, "14,1.5": 0.1384684134899073, "14,2.0": 0.14391528604405737, "14,2.5": 0.10130594723694729, "14,3.0": 0.013637053153884877, "15,0.5": 0.14108381084856994, "15,1.0": 0.17316179023838987, "15,1.5": 0.07116567121027732, "15,2.0": 0.12497606481744396, "15,2.5": 0.06917946202905442, "15,3.0": 0.0018982255299309107, "16,0.5": -0.020125446575007158, "16,1.0": 0.12325467451917754, "16,1.5": 0.2001760493208844, "16,2.0": 0.13591082455666714, "16,2.5": 0.0963712418027812, "16,3.0": 0.10819996196300632, "17,0.5": 0.023552627386017537, "17,1.0": 0.06788401412933436, "17,1.5": 0.09561420215800576, "17,2.0": 0.21047613971132284, "17,2.5": 0.12065960471592554, "17,3.0": 0.0793038065946012, "18,0.5": 0.11489150254164038, "18,1.0": 0.17049345331420232, "18,1.5": 0.30560640774918346, "18,2.0": 0.24582087591972673, "18,2.5": 0.18940341919980358, "18,3.0": 0.1452374002634953, "19,0.5": 0.02293550583722165, "19,1.0": -0.009448428886076318, "19,1.5": 0.034134076198181665, "19,2.0": -0.06878639121840728, "19,2.5": -0.06364561479373358, "19,3.0": -0.12467346988740693, "20,0.5": -0.026495529820020763, "20,1.0": 0.06412840070583542, "20,1.5": 0.0821742218355052, "20,2.0": 0.037395189680036224, "20,2.5": 0.04895918371285418, "20,3.0": 0.1034274719607565, "21,0.5": -0.013784965109303899, "21,1.0": 0.086618827480532, "21,1.5": -0.06055195973688142, "21,2.0": 0.007245018628820947, "21,2.5": 0.0011852237342762813, "21,3.0": -0.019148378303115374, "22,0.5": -0.06387335404076748, "22,1.0": 0.06627607315294202, "22,1.5": 0.024287502849721716, "22,2.0": 0.021582018289092904, "22,2.5": 0.049871323249578846, "22,3.0": 0.0594584095053661, "23,0.5": -0.11236037564791256, "23,1.0": 0.03917590224265115, "23,1.5": 0.01641422817530531, "23,2.0": 0.05423504834216312, "23,2.5": 0.07970644237139823, "23,3.0": -0.03399636580661786, "24,0.5": -0.0762585916516027, "24,1.0": 0.11922544007295793, "24,1.5": 0.06501719035662491, "24,2.0": 0.15533458493875632, "24,2.5": 0.10100201862746071, "24,3.0": 0.01822680209181809, "25,0.5": -0.08364492366130769, "25,1.0": 0.04454660999908519, "25,1.5": 0.09120378701478635, "25,2.0": 0.10131897447813838, "25,2.5": 0.08284923155533494, "25,3.0": -0.044304293618993976, "26,0.5": -0.05645255441604578, "26,1.0": 0.1988921490382286, "26,1.5": 0.15128744253546944, "26,2.0": 0.20618059971053648, "26,2.5": 0.19285233889892975, "26,3.0": 0.16467488791798862, "27,0.5": -0.03567847949709483, "27,1.0": 0.1047010186454966, "27,1.5": 0.14215331977440868, "27,2.0": 0.19253599447272637, "27,2.5": 0.2534705619009669, "27,3.0": 0.3164484527323237, "28,0.5": 0.10855439432137594, "28,1.0": 0.06846373737717232, "28,1.5": 0.22299543534272742, "28,2.0": 0.252998973040834, "28,2.5": 0.3119120580907666, "28,3.0": 0.19732915863090478, "29,0.5": -0.06448342012749873, "29,1.0": 0.030634259283946103, "29,1.5": 0.14803815166536072, "29,2.0": 0.09158205203700606, "29,2.5": 0.07023816241476404, "29,3.0": 0.17384965231559663, "30,0.5": 0.03804805265963695, "30,1.0": 0.06733469434540544, "30,1.5": 0.05494877618559103, "30,2.0": 0.11184746551595647, "30,2.5": 0.18967676660896093, "30,3.0": 0.10889342727147906, "31,0.5": 0.07246802631642194, "31,1.0": 0.1679101045499758, "31,1.5": 0.17160787601176292, "31,2.0": 0.11577620691103896, "31,2.5": 0.09943141871946416, "31,3.0": 0.0711222041826281, "32,0.5": -0.1013196763226975, "32,1.0": 0.05723623266102328, "32,1.5": 0.12946210807236924, "32,2.0": 0.14230967320628754, "32,2.5": 0.036289409644118406, "32,3.0": 0.11838502245953489, "33,0.5": -0.02901374650301773, "33,1.0": 0.06881685684759678, "33,1.5": 0.07632913898306784, "33,2.0": 0.10698790937111234, "33,2.5": 0.05229206273095622, "33,3.0": 0.16143633685740366, "34,0.5": -0.030619916773147578, "34,1.0": -0.016705388392112587, "34,1.5": 0.09095513990403403, "34,2.0": -0.036210496203656704, "34,2.5": 0.052820314628206896, "34,3.0": 0.051939162632769056, "35,0.5": -0.07865085534898465, "35,1.0": 0.027574312607240754, "35,1.5": 0.08032789574934683, "35,2.0": 0.11811001288131509, "35,2.5": 0.12525586807460032, "35,3.0": 0.08985172549075451, "36,0.5": -0.1849461832580893, "36,1.0": 0.12712385048266292, "36,1.5": 0.00962239808621793, "36,2.0": -0.045853682604987164, "36,2.5": 0.08958299034869698, "36,3.0": 0.0762733768078227, "37,0.5": 0.03442962463931827, "37,1.0": 0.06945013090817673, "37,1.5": 0.0008261575825912011, "37,2.0": 0.12780861593516493, "37,2.5": 0.1282027112724588, "37,3.0": 0.14961007711400645, "38,0.5": 0.03509027636493585, "38,1.0": 0.12083545912883226, "38,1.5": 0.11595491406950617, "38,2.0": 0.08151920015821462, "38,2.5": -0.05877615341912394, "38,3.0": 0.03779258059176175, "39,0.5": -0.14236876874044802, "39,1.0": -0.21667066685226274, "39,1.5": 0.06308237076080664, "39,2.0": -0.0020062767325917745, "39,2.5": 0.03561018525041359, "39,3.0": 0.026277484520119014, "40,0.5": 0.035133132898071316, "40,1.0": -0.03707612311394199, "40,1.5": 0.10899091315917404, "40,2.0": -0.12493401454780556, "40,2.5": 0.06323808174373076, "40,3.0": -0.016519689331763263, "41,0.5": 0.09038302971474502, "41,1.0": -0.0611499280519726, "41,1.5": 0.08870037525857774, "41,2.0": 0.05427906757689227, "41,2.5": 0.10639496795592786, "41,3.0": 0.03174364073830679, "42,0.5": -0.0374412948813113, "42,1.0": -0.0063019809572862125, "42,1.5": -0.02361679710411699, "42,2.0": 0.05752333771527385, "42,2.5": -0.01332527013499576,