{"0,0.5": 0.9075298370960156, "0,1.0": 0.9578029704665233, "0,1.5": 1.0813941306286479, "0,2.0": 2.523397934029111, "0,2.5": 3.9348422903661393, "0,3.0": -0.4309498741721877, "1,0.5": 0.9668261810520615, "1,1.0": 0.8323209991469454, "1,1.5": 1.1911818598141801, "1,2.0": 3.6744532364792426, "1,2.5": 3.0730433195422444, "1,3.0": 10.836931769252523, "2,0.5": 0.979941940693164, "2,1.0": 1.2430382507557736, "2,1.5": 1.3562454895309204, "2,2.0": 1.269358819256169, "2,2.5": 1.91426992977337, "2,3.0": 1.3797405115109944, "3,0.5": 0.916488136073148, "3,1.0": 1.0270475286528595, "3,1.5": 1.548965006016154, "3,2.0": 1.8292449705236464, "3,2.5": 1.6583615681931718, "3,3.0": 2.977416937216323, "4,0.5": 1.0076146906711212, "4,1.0": 1.0313143790940187, "4,1.5": 1.4497244137905914, "4,2.0": 2.1563802396141303, "4,2.5": 2.04845688063641, "4,3.0": 1.6129949649266435, "5,0.5": 0.9843490094898636, "5,1.0": 1.0843392092349513, "5,1.5": 1.5188582976583662, "5,2.0": 1.6036518719836197, "5,2.5": 1.460265057618135, "5,3.0": 1.9893528700113725, "6,0.5": 1.0556819408198974, "6,1.0": 1.3240201162783303, "6,1.5": 4.033820518125427, "6,2.0": 1.848450661719931, "6,2.5": 2.093941663770229, "6,3.0": 2.336010854148853, "7,0.5": 0.9748423189317291, "7,1.0": 1.1364125005625616, "7,1.5": 1.3270144457808093, "7,2.0": -0.2974353291331194, "7,2.5": 2.45586074530538, "7,3.0": 1.367126360871034, "8,0.5": 1.0514850269882217, "8,1.0": 1.1826591798107602, "8,1.5": 1.2195315378110052, "8,2.0": 1.3625072134464888, "8,2.5": 1.8533556617374503, "8,3.0": 1.760740415872421, "9,0.5": 1.0092857502143096, "9,1.0": 1.1411554682834146, "9,1.5": 1.2047648885982647, "9,2.0": 1.3457830053378195, "9,2.5": 1.6049605198790777, "9,3.0": 1.5164049657941443, "10,0.5": 0.9811946259434359, "10,1.0": 0.933898953896716, "10,1.5": 1.0594045024669176, "10,2.0": 1.1540729767731055, "10,2.5": 1.2460245956601073, "10,3.0": 2.4536839354117337, "11,0.5": 0.9015422283399768, "11,1.0": 0.8995455991261812, "11,1.5": 0.9257237228553973, "11,2.0": 0.8457956692443899, "11,2.5": 0.883306227623168, "11,3.0": 1.0686060347415518}